edicao,coluna,tipo,pct_nulo,classificacao_nulo
2023-2024,qual_oportunidade_voce_esta_buscando,categorica_escolha_unica,94.6,condicional_ao_perfil
2023-2024,ha_quanto_tempo_voce_busca_uma_oportunidade_na_area_de_dados,categorica_escolha_unica,94.6,condicional_ao_perfil
2023-2024,como_tem_sido_a_busca_por_um_emprego_na_area_de_dados,categorica_escolha_unica,94.6,condicional_ao_perfil
2023-2024,qual_seu_objetivo_na_area_de_dados,categorica_escolha_unica,90.1,condicional_ao_perfil
2023-2024,quais_as_ferramentas_de_gestao_de_qualidade_de_dados_metadados_e_catalogo_de_dados_voce_utiliza_no_trabalho,categorica_escolha_unica,89.5,condicional_ao_perfil
2023-2024,qual_tecnologia_utilizada_como_plataforma_do_data_lake,categorica_escolha_unica,86.0,condicional_ao_perfil
2023-2024,qual_tecnologia_utilizada_como_plataforma_do_data_warehouse,categorica_escolha_unica,86.0,condicional_ao_perfil
2023-2024,quais_das_opcoes_abaixo_fazem_parte_da_sua_rotina_no_trabalho_atual_com_ciencia_de_dados_estudos_ad-hoc_com_o_objetivo_de_confirmar_hipoteses_realizar_modelos_preditivos_forecasts_analise_de_cluster_para_resolver_problemas_pontuais_e_responder_perguntas_das_areas_de_negocio,binaria_multiselect,85.9,grupo_nao_exibido_ao_respondente
2023-2024,quais_das_opcoes_abaixo_fazem_parte_da_sua_rotina_no_trabalho_atual_com_ciencia_de_dados_sou_responsavel_pela_coleta_e_limpeza_dos_dados_que_uso_para_analise_e_modelagem,binaria_multiselect,85.9,grupo_nao_exibido_ao_respondente
2023-2024,quais_das_opcoes_abaixo_fazem_parte_da_sua_rotina_no_trabalho_atual_com_ciencia_de_dados_sou_responsavel_por_entrar_em_contato_com_os_times_de_negocio_para_definicao_do_problema_identificar_a_solucao_e_apresentacao_de_resultados,binaria_multiselect,85.9,grupo_nao_exibido_ao_respondente
2023-2024,quais_das_opcoes_abaixo_fazem_parte_da_sua_rotina_no_trabalho_atual_com_ciencia_de_dados_desenvolvo_modelos_de_machine_learning_com_o_objetivo_de_colocar_em_producao_em_sistemas_produtos_de_dados,binaria_multiselect,85.9,grupo_nao_exibido_ao_respondente
2023-2024,quais_das_opcoes_abaixo_fazem_parte_da_sua_rotina_no_trabalho_atual_com_ciencia_de_dados_sou_responsavel_por_colocar_modelos_em_producao_criar_os_pipelines_de_dados_apis_de_consumo_e_monitoramento,binaria_multiselect,85.9,grupo_nao_exibido_ao_respondente
2023-2024,quais_das_opcoes_abaixo_fazem_parte_da_sua_rotina_no_trabalho_atual_com_ciencia_de_dados_cuido_da_manutencao_de_modelos_de_machine_learning_ja_em_producao_atuando_no_monitoramento_ajustes_e_refatoracao_quando_necessario,binaria_multiselect,85.9,grupo_nao_exibido_ao_respondente
2023-2024,quais_das_opcoes_abaixo_fazem_parte_da_sua_rotina_no_trabalho_atual_com_ciencia_de_dados_realizo_construcoes_de_dashboards_em_ferramentas_de_bi_como_powerbi_tableau_looker_qlik_etc,binaria_multiselect,85.9,grupo_nao_exibido_ao_respondente
2023-2024,quais_das_opcoes_abaixo_fazem_parte_da_sua_rotina_no_trabalho_atual_com_ciencia_de_dados_utilizo_ferramentas_avancadas_de_estatistica_como_sas_spss_stata_etc_para_realizar_analises_estatisticas_e_ajustar_modelos,binaria_multiselect,85.9,grupo_nao_exibido_ao_respondente
2023-2024,quais_das_opcoes_abaixo_fazem_parte_da_sua_rotina_no_trabalho_atual_com_ciencia_de_dados_crio_e_dou_manutencao_em_etls_dags_e_automacoes_de_pipelines_de_dados,binaria_multiselect,85.9,grupo_nao_exibido_ao_respondente
2023-2024,quais_das_opcoes_abaixo_fazem_parte_da_sua_rotina_no_trabalho_atual_com_ciencia_de_dados_crio_e_gerencio_solucoes_de_feature_store_e_cultura_de_mlops,binaria_multiselect,85.9,grupo_nao_exibido_ao_respondente
2023-2024,quais_das_opcoes_abaixo_fazem_parte_da_sua_rotina_no_trabalho_atual_com_ciencia_de_dados_sou_responsavel_por_criar_e_manter_a_infra_que_meus_modelos_e_solucoes_rodam_clusters_servidores_api_containers_etc,binaria_multiselect,85.9,grupo_nao_exibido_ao_respondente
2023-2024,quais_das_opcoes_abaixo_fazem_parte_da_sua_rotina_no_trabalho_atual_com_ciencia_de_dados_treino_e_aplico_llm's_para_solucionar_problemas_de_negocio,binaria_multiselect,85.9,grupo_nao_exibido_ao_respondente
2023-2024,quais_as_tecnicas_e_metodos_listados_abaixo_voce_costuma_utilizar_no_trabalho_utilizo_modelos_de_regressao_linear_logistica_glm,binaria_multiselect,85.9,grupo_nao_exibido_ao_respondente
2023-2024,quais_as_tecnicas_e_metodos_listados_abaixo_voce_costuma_utilizar_no_trabalho_utilizo_redes_neurais_ou_modelos_baseados_em_arvore_para_criar_modelos_de_classificacao,binaria_multiselect,85.9,grupo_nao_exibido_ao_respondente
2023-2024,quais_as_tecnicas_e_metodos_listados_abaixo_voce_costuma_utilizar_no_trabalho_desenvolvo_sistemas_de_recomendacao_recsys,binaria_multiselect,85.9,grupo_nao_exibido_ao_respondente
2023-2024,quais_as_tecnicas_e_metodos_listados_abaixo_voce_costuma_utilizar_no_trabalho_utilizo_metodos_estatisticos_bayesianos_para_analisar_dados,binaria_multiselect,85.9,grupo_nao_exibido_ao_respondente
2023-2024,quais_as_tecnicas_e_metodos_listados_abaixo_voce_costuma_utilizar_no_trabalho_utilizo_tecnicas_de_nlp_natural_language_processing_para_analisar_dados_nao-estruturados,binaria_multiselect,85.9,grupo_nao_exibido_ao_respondente
2023-2024,quais_as_tecnicas_e_metodos_listados_abaixo_voce_costuma_utilizar_no_trabalho_utilizo_metodos_estatisticos_classicos_testes_de_hipotese_analise_multivariada_sobrevivencia_dados_longitudinais_inferencia_estatistica_para_analisar_dados,binaria_multiselect,85.9,grupo_nao_exibido_ao_respondente
2023-2024,quais_as_tecnicas_e_metodos_listados_abaixo_voce_costuma_utilizar_no_trabalho_utilizo_cadeias_de_markov_ou_hmm's_para_realizar_analises_de_dados,binaria_multiselect,85.9,grupo_nao_exibido_ao_respondente
2023-2024,quais_as_tecnicas_e_metodos_listados_abaixo_voce_costuma_utilizar_no_trabalho_desenvolvo_tecnicas_de_clusterizacao_k-means_spectral_dbscan_etc,binaria_multiselect,85.9,grupo_nao_exibido_ao_respondente
2023-2024,quais_as_tecnicas_e_metodos_listados_abaixo_voce_costuma_utilizar_no_trabalho_realizo_previsoes_atraves_de_modelos_de_series_temporais_time_series,binaria_multiselect,85.9,grupo_nao_exibido_ao_respondente
2023-2024,quais_as_tecnicas_e_metodos_listados_abaixo_voce_costuma_utilizar_no_trabalho_utilizo_modelos_de_reinforcement_learning_aprendizado_por_reforco,binaria_multiselect,85.9,grupo_nao_exibido_ao_respondente
2023-2024,quais_as_tecnicas_e_metodos_listados_abaixo_voce_costuma_utilizar_no_trabalho_utilizo_modelos_de_machine_learning_para_deteccao_de_fraude,binaria_multiselect,85.9,grupo_nao_exibido_ao_respondente
2023-2024,quais_as_tecnicas_e_metodos_listados_abaixo_voce_costuma_utilizar_no_trabalho_utilizo_metodos_de_visao_computacional,binaria_multiselect,85.9,grupo_nao_exibido_ao_respondente
2023-2024,quais_as_tecnicas_e_metodos_listados_abaixo_voce_costuma_utilizar_no_trabalho_utilizo_modelos_de_deteccao_de_churn,binaria_multiselect,85.9,grupo_nao_exibido_ao_respondente
2023-2024,quais_as_tecnicas_e_metodos_listados_abaixo_voce_costuma_utilizar_no_trabalho_utilizo_llm's_para_solucionar_problemas_de_negocio,binaria_multiselect,85.9,grupo_nao_exibido_ao_respondente
2023-2024,em_qual_das_opcoes_abaixo_voce_gasta_a_maior_parte_do_seu_tempo_no_trabalho_estudos_ad-hoc_com_o_objetivo_de_confirmar_hipoteses_realizar_modelos_preditivos_forecasts_analise_de_cluster_para_resolver_problemas_pontuais_e_responder_perguntas_das_areas_de_negocio,binaria_multiselect,85.9,grupo_nao_exibido_ao_respondente
2023-2024,em_qual_das_opcoes_abaixo_voce_gasta_a_maior_parte_do_seu_tempo_no_trabalho_coletando_e_limpando_os_dados_que_uso_para_analise_e_modelagem,binaria_multiselect,85.9,grupo_nao_exibido_ao_respondente
2023-2024,em_qual_das_opcoes_abaixo_voce_gasta_a_maior_parte_do_seu_tempo_no_trabalho_entrando_em_contato_com_os_times_de_negocio_para_definicao_do_problema_identificar_a_solucao_e_apresentacao_de_resultados,binaria_multiselect,85.9,grupo_nao_exibido_ao_respondente
2023-2024,em_qual_das_opcoes_abaixo_voce_gasta_a_maior_parte_do_seu_tempo_no_trabalho_desenvolvendo_modelos_de_machine_learning_com_o_objetivo_de_colocar_em_producao_em_sistemas_produtos_de_dados,binaria_multiselect,85.9,grupo_nao_exibido_ao_respondente
2023-2024,em_qual_das_opcoes_abaixo_voce_gasta_a_maior_parte_do_seu_tempo_no_trabalho_colocando_modelos_em_producao_criando_os_pipelines_de_dados_apis_de_consumo_e_monitoramento,binaria_multiselect,85.9,grupo_nao_exibido_ao_respondente
2023-2024,em_qual_das_opcoes_abaixo_voce_gasta_a_maior_parte_do_seu_tempo_no_trabalho_cuidando_da_manutencao_de_modelos_de_machine_learning_ja_em_producao_atuando_no_monitoramento_ajustes_e_refatoracao_quando_necessario,binaria_multiselect,85.9,grupo_nao_exibido_ao_respondente
2023-2024,em_qual_das_opcoes_abaixo_voce_gasta_a_maior_parte_do_seu_tempo_no_trabalho_realizando_construcoes_de_dashboards_em_ferramentas_de_bi_como_powerbi_tableau_looker_qlik_etc,binaria_multiselect,85.9,grupo_nao_exibido_ao_respondente
2023-2024,em_qual_das_opcoes_abaixo_voce_gasta_a_maior_parte_do_seu_tempo_no_trabalho_utilizando_ferramentas_avancadas_de_estatistica_como_sas_spss_stata_etc_para_realizar_analises,binaria_multiselect,85.9,grupo_nao_exibido_ao_respondente
2023-2024,em_qual_das_opcoes_abaixo_voce_gasta_a_maior_parte_do_seu_tempo_no_trabalho_criando_e_dando_manutencao_em_etls_dags_e_automacoes_de_pipelines_de_dados,binaria_multiselect,85.9,grupo_nao_exibido_ao_respondente
2023-2024,em_qual_das_opcoes_abaixo_voce_gasta_a_maior_parte_do_seu_tempo_no_trabalho_criando_e_gerenciando_solucoes_de_feature_store_e_cultura_de_mlops,binaria_multiselect,85.9,grupo_nao_exibido_ao_respondente
2023-2024,em_qual_das_opcoes_abaixo_voce_gasta_a_maior_parte_do_seu_tempo_no_trabalho_criando_e_mantendo_a_infra_que_meus_modelos_e_solucoes_rodam_clusters_servidores_api_containers_etc,binaria_multiselect,85.9,grupo_nao_exibido_ao_respondente
2023-2024,em_qual_das_opcoes_abaixo_voce_gasta_a_maior_parte_do_seu_tempo_no_trabalho_treinando_e_aplicando_llm's_para_solucionar_problemas_de_negocio,binaria_multiselect,85.9,grupo_nao_exibido_ao_respondente
2023-2024,quais_dessas_tecnologias_fazem_parte_do_seu_dia_a_dia_como_cientista_de_dados,categorica_escolha_unica,85.9,condicional_ao_perfil
2023-2024,ferramentas_de_bi_powerbi_looker_tableau_qlik_etc,binaria_multiselect,85.9,grupo_nao_exibido_ao_respondente
2023-2024,planilhas_excel_google_sheets_etc,binaria_multiselect,85.9,grupo_nao_exibido_ao_respondente
2023-2024,ambientes_de_desenvolvimento_local_r-studio_jupyterlab_anaconda,binaria_multiselect,85.9,grupo_nao_exibido_ao_respondente
2023-2024,ambientes_de_desenvolvimento_na_nuvem_google_colab_aws_sagemaker_kaggle_notebooks_etc,binaria_multiselect,85.9,grupo_nao_exibido_ao_respondente
2023-2024,ferramentas_de_automl_datarobot_h2o_auto-keras_etc,binaria_multiselect,85.9,grupo_nao_exibido_ao_respondente
2023-2024,ferramentas_de_etl_apache_airflow_nifi_stitch_fivetran_pentaho_etc,binaria_multiselect,85.9,grupo_nao_exibido_ao_respondente
2023-2024,plataformas_de_machine_learning_tensorflow_azure_machine_learning_kubeflow_etc,binaria_multiselect,85.9,grupo_nao_exibido_ao_respondente
2023-2024,feature_store_feast_hopsworks_aws_feature_store_databricks_feature_store_etc,binaria_multiselect,85.9,grupo_nao_exibido_ao_respondente
2023-2024,sistemas_de_controle_de_versao_github_dvc_neptune_gitlab_etc,binaria_multiselect,85.9,grupo_nao_exibido_ao_respondente
2023-2024,plataformas_de_data_apps_streamlit_shiny_plotly_dash_etc,binaria_multiselect,85.9,grupo_nao_exibido_ao_respondente
2023-2024,ferramentas_de_estatistica_avancada_como_spss_sas_etc,binaria_multiselect,85.9,grupo_nao_exibido_ao_respondente
2023-2024,motivos_que_levam_a_empresa_a_nao_usar_ai_genrativa_e_llms_falta_de_compreensao_dos_casos_de_uso,binaria_multiselect,84.5,grupo_nao_exibido_ao_respondente
2023-2024,motivos_que_levam_a_empresa_a_nao_usar_ai_genrativa_e_llms_falta_de_confiabilidade_das_saidas_alucinacao_dos_modelos,binaria_multiselect,84.5,grupo_nao_exibido_ao_respondente
2023-2024,motivos_que_levam_a_empresa_a_nao_usar_ai_genrativa_e_llms_incerteza_em_relacao_a_regulamentacao,binaria_multiselect,84.5,grupo_nao_exibido_ao_respondente
2023-2024,motivos_que_levam_a_empresa_a_nao_usar_ai_genrativa_e_llms_preocupacoes_com_seguranca_e_privacidade_de_dados,binaria_multiselect,84.5,grupo_nao_exibido_ao_respondente
2023-2024,motivos_que_levam_a_empresa_a_nao_usar_ai_genrativa_e_llms_retorno_sobre_investimento_roi_nao_comprovado_de_ia_generativa,binaria_multiselect,84.5,grupo_nao_exibido_ao_respondente
2023-2024,motivos_que_levam_a_empresa_a_nao_usar_ai_genrativa_e_llms_dados_da_empresa_nao_estao_prontos_para_uso_de_ia_generativa,binaria_multiselect,84.5,grupo_nao_exibido_ao_respondente
2023-2024,motivos_que_levam_a_empresa_a_nao_usar_ai_genrativa_e_llms_falta_de_expertise_ou_falta_de_recursos,binaria_multiselect,84.5,grupo_nao_exibido_ao_respondente
2023-2024,motivos_que_levam_a_empresa_a_nao_usar_ai_genrativa_e_llms_alta_direcao_da_empresa_nao_ve_valor_ou_nao_ve_como_prioridade,binaria_multiselect,84.5,grupo_nao_exibido_ao_respondente
2023-2024,motivos_que_levam_a_empresa_a_nao_usar_ai_genrativa_e_llms_preocupacoes_com_propriedade_intelectual,binaria_multiselect,84.5,grupo_nao_exibido_ao_respondente
2023-2024,quais_desses_papeis_cargos_fazem_parte_do_time_ou_chapter_de_dados_da_sua_empresa_analytics_engineer,binaria_multiselect,83.8,grupo_nao_exibido_ao_respondente
2023-2024,quais_desses_papeis_cargos_fazem_parte_do_time_ou_chapter_de_dados_da_sua_empresa_engenharia_de_dados_data_engineer,binaria_multiselect,83.8,grupo_nao_exibido_ao_respondente
2023-2024,quais_desses_papeis_cargos_fazem_parte_do_time_ou_chapter_de_dados_da_sua_empresa_analista_de_dados_data_analyst,binaria_multiselect,83.8,grupo_nao_exibido_ao_respondente
2023-2024,quais_desses_papeis_cargos_fazem_parte_do_time_ou_chapter_de_dados_da_sua_empresa_cientista_de_dados_data_scientist,binaria_multiselect,83.8,grupo_nao_exibido_ao_respondente
2023-2024,quais_desses_papeis_cargos_fazem_parte_do_time_ou_chapter_de_dados_da_sua_empresa_database_administrator_dba,binaria_multiselect,83.8,grupo_nao_exibido_ao_respondente
2023-2024,quais_desses_papeis_cargos_fazem_parte_do_time_ou_chapter_de_dados_da_sua_empresa_analista_de_business_intelligence_bi,binaria_multiselect,83.8,grupo_nao_exibido_ao_respondente
2023-2024,quais_desses_papeis_cargos_fazem_parte_do_time_ou_chapter_de_dados_da_sua_empresa_arquiteto_de_dados_data_architect,binaria_multiselect,83.8,grupo_nao_exibido_ao_respondente
2023-2024,quais_desses_papeis_cargos_fazem_parte_do_time_ou_chapter_de_dados_da_sua_empresa_data_product_manager_dpm,binaria_multiselect,83.8,grupo_nao_exibido_ao_respondente
2023-2024,quais_desses_papeis_cargos_fazem_parte_do_time_ou_chapter_de_dados_da_sua_empresa_business_analyst,binaria_multiselect,83.8,grupo_nao_exibido_ao_respondente
2023-2024,tipos_de_uso_de_ai_generativa_e_llms_na_empresa_ai_generativa_e_llms_para_melhorar_produtos_externos,binaria_multiselect,83.7,grupo_nao_exibido_ao_respondente
2023-2024,quais_dessas_responsabilidades_fazem_parte_da_sua_rotina_atual_de_trabalho_como_gestor_pensar_na_visao_de_longo_prazo_de_dados_da_empresa_e_fortalecimento_da_cultura_analitica_da_companhia,binaria_multiselect,83.5,grupo_nao_exibido_ao_respondente
2023-2024,quais_dessas_responsabilidades_fazem_parte_da_sua_rotina_atual_de_trabalho_como_gestor_organizacao_de_treinamentos_e_iniciativas_com_o_objetivo_de_aumentar_a_maturidade_analitica_das_areas_de_negocios,binaria_multiselect,83.5,grupo_nao_exibido_ao_respondente
2023-2024,quais_dessas_responsabilidades_fazem_parte_da_sua_rotina_atual_de_trabalho_como_gestor_atracao_selecao_e_contratacao_de_talentos_para_o_time_de_dados,binaria_multiselect,83.5,grupo_nao_exibido_ao_respondente
2023-2024,quais_dessas_responsabilidades_fazem_parte_da_sua_rotina_atual_de_trabalho_como_gestor_decisao_sobre_contratacao_de_ferramentas_e_tecnologias_relacionadas_a_dados,binaria_multiselect,83.5,grupo_nao_exibido_ao_respondente
2023-2024,quais_dessas_responsabilidades_fazem_parte_da_sua_rotina_atual_de_trabalho_como_gestor_sou_gestor_da_equipe_responsavel_pela_engenharia_de_dados_e_por_manter_o_data_lake_da_empresa_como_fonte_unica_dos_dados_garantindo_a_qualidade_e_confiabilidade_da_informacao,binaria_multiselect,83.5,grupo_nao_exibido_ao_respondente
2023-2024,quais_dessas_responsabilidades_fazem_parte_da_sua_rotina_atual_de_trabalho_como_gestor_sou_gestor_da_equipe_responsavel_pela_entrega_de_dados_estudos_relatorios_e_dashboards_para_as_areas_de_negocio_da_empresa,binaria_multiselect,83.5,grupo_nao_exibido_ao_respondente
2023-2024,quais_dessas_responsabilidades_fazem_parte_da_sua_rotina_atual_de_trabalho_como_gestor_sou_gestor_da_equipe_responsavel_por_iniciativas_e_projetos_envolvendo_inteligencia_artificial_e_machine_learning,binaria_multiselect,83.5,grupo_nao_exibido_ao_respondente
2023-2024,quais_dessas_responsabilidades_fazem_parte_da_sua_rotina_atual_de_trabalho_como_gestor_apesar_de_ser_gestor_ainda_atuo_na_parte_tecnica_construindo_solucoes_analises_modelos_etc,binaria_multiselect,83.5,grupo_nao_exibido_ao_respondente
2023-2024,quais_dessas_responsabilidades_fazem_parte_da_sua_rotina_atual_de_trabalho_como_gestor_gestao_de_projetos_de_dados_cuidando_das_etapas_equipes_envolvidas_atingimento_dos_objetivos_etc,binaria_multiselect,83.5,grupo_nao_exibido_ao_respondente
2023-2024,quais_dessas_responsabilidades_fazem_parte_da_sua_rotina_atual_de_trabalho_como_gestor_gestao_de_produtos_de_dados_cuidando_da_visao_dos_produtos_backlog_feedback_de_usuarios_etc,binaria_multiselect,83.5,grupo_nao_exibido_ao_respondente
2023-2024,quais_dessas_responsabilidades_fazem_parte_da_sua_rotina_atual_de_trabalho_como_gestor_gestao_de_pessoas_apoio_no_desenvolvimento_das_pessoas_evolucao_de_carreira,binaria_multiselect,83.5,grupo_nao_exibido_ao_respondente
2023-2024,quais_sao_os_3_maiores_desafios_que_voce_tem_como_gestor_no_atual_momento_a_contratar_novos_talentos,binaria_multiselect,83.5,grupo_nao_exibido_ao_respondente
2023-2024,quais_sao_os_3_maiores_desafios_que_voce_tem_como_gestor_no_atual_momento_b_reter_talentos,binaria_multiselect,83.5,grupo_nao_exibido_ao_respondente
2023-2024,quais_sao_os_3_maiores_desafios_que_voce_tem_como_gestor_no_atual_momento_c_convencer_a_empresa_a_aumentar_os_investimentos_na_area_de_dados,binaria_multiselect,83.5,grupo_nao_exibido_ao_respondente
2023-2024,quais_sao_os_3_maiores_desafios_que_voce_tem_como_gestor_no_atual_momento_d_gestao_de_equipes_no_ambiente_remoto,binaria_multiselect,83.5,grupo_nao_exibido_ao_respondente
2023-2024,quais_sao_os_3_maiores_desafios_que_voce_tem_como_gestor_no_atual_momento_e_gestao_de_projetos_envolvendo_areas_multidisciplinares_da_empresa,binaria_multiselect,83.5,grupo_nao_exibido_ao_respondente
2023-2024,quais_sao_os_3_maiores_desafios_que_voce_tem_como_gestor_no_atual_momento_f_organizar_as_informacoes_e_garantir_a_qualidade_e_confiabilidade,binaria_multiselect,83.5,grupo_nao_exibido_ao_respondente
2023-2024,quais_sao_os_3_maiores_desafios_que_voce_tem_como_gestor_no_atual_momento_g_conseguir_processar_e_armazenar_um_alto_volume_de_dados,binaria_multiselect,83.5,grupo_nao_exibido_ao_respondente
2023-2024,quais_sao_os_3_maiores_desafios_que_voce_tem_como_gestor_no_atual_momento_h_conseguir_gerar_valor_para_as_areas_de_negocios_atraves_de_estudos_e_experimentos,binaria_multiselect,83.5,grupo_nao_exibido_ao_respondente
2023-2024,quais_sao_os_3_maiores_desafios_que_voce_tem_como_gestor_no_atual_momento_i_desenvolver_e_manter_modelos_machine_learning_em_producao,binaria_multiselect,83.5,grupo_nao_exibido_ao_respondente
2023-2024,quais_sao_os_3_maiores_desafios_que_voce_tem_como_gestor_no_atual_momento_j_gerenciar_a_expectativa_das_areas_de_negocio_em_relacao_as_entregas_das_equipes_de_dados,binaria_multiselect,83.5,grupo_nao_exibido_ao_respondente
2023-2024,quais_sao_os_3_maiores_desafios_que_voce_tem_como_gestor_no_atual_momento_k_garantir_a_manutencao_dos_projetos_e_modelos_em_producao_em_meio_ao_crescimento_da_empresa,binaria_multiselect,83.5,grupo_nao_exibido_ao_respondente
2023-2024,quais_sao_os_3_maiores_desafios_que_voce_tem_como_gestor_no_atual_momento_conseguir_levar_inovacao_para_a_empresa_atraves_dos_dados,binaria_multiselect,83.5,grupo_nao_exibido_ao_respondente
2023-2024,quais_sao_os_3_maiores_desafios_que_voce_tem_como_gestor_no_atual_momento_garantir_retorno_do_investimento_roi_em_projetos_de_dados,binaria_multiselect,83.5,grupo_nao_exibido_ao_respondente
2023-2024,quais_sao_os_3_maiores_desafios_que_voce_tem_como_gestor_no_atual_momento_dividir_o_tempo_entre_entregas_tecnicas_e_gestao,binaria_multiselect,83.5,grupo_nao_exibido_ao_respondente
2023-2024,cargo_como_gestor,categorica_escolha_unica,83.1,condicional_ao_perfil
2023-2024,qual_o_numero_aproximado_de_pessoas_que_atuam_com_dados_na_sua_empresa_hoje,categorica_escolha_unica,83.1,condicional_ao_perfil
2023-2024,ai_generativa_e_uma_prioridade_em_sua_empresa,categorica_escolha_unica,83.1,condicional_ao_perfil
2023-2024,quais_das_opcoes_abaixo_fazem_parte_da_sua_rotina_no_trabalho_atual_como_engenheiro_de_dados_desenvolvo_pipelines_de_dados_utilizando_linguagens_de_programacao_como_python_scala_java_etc,binaria_multiselect,82.8,grupo_nao_exibido_ao_respondente
2023-2024,quais_das_opcoes_abaixo_fazem_parte_da_sua_rotina_no_trabalho_atual_como_engenheiro_de_dados_realizo_construcoes_de_etl's_em_ferramentas_como_pentaho_talend_dataflow_etc,binaria_multiselect,82.8,grupo_nao_exibido_ao_respondente
2023-2024,quais_das_opcoes_abaixo_fazem_parte_da_sua_rotina_no_trabalho_atual_como_engenheiro_de_dados_crio_consultas_atraves_da_linguagem_sql_para_exportar_informacoes_e_compartilhar_com_as_areas_de_negocio,binaria_multiselect,82.8,grupo_nao_exibido_ao_respondente
2023-2024,quais_das_opcoes_abaixo_fazem_parte_da_sua_rotina_no_trabalho_atual_como_engenheiro_de_dados_atuo_na_integracao_de_diferentes_fontes_de_dados_atraves_de_plataformas_proprietarias_como_stitch_data_fivetran_etc,binaria_multiselect,82.8,grupo_nao_exibido_ao_respondente
2023-2024,quais_das_opcoes_abaixo_fazem_parte_da_sua_rotina_no_trabalho_atual_como_engenheiro_de_dados_modelo_solucoes_de_arquitetura_de_dados_criando_componentes_de_ingestao_de_dados_transformacao_e_recuperacao_da_informacao,binaria_multiselect,82.8,grupo_nao_exibido_ao_respondente
2023-2024,quais_das_opcoes_abaixo_fazem_parte_da_sua_rotina_no_trabalho_atual_como_engenheiro_de_dados_desenvolvo_cuido_da_manutencao_de_repositorios_de_dados_baseados_em_streaming_de_eventos_como_data_lakes_e_data_lakehouses,binaria_multiselect,82.8,grupo_nao_exibido_ao_respondente
2023-2024,quais_das_opcoes_abaixo_fazem_parte_da_sua_rotina_no_trabalho_atual_como_engenheiro_de_dados_atuo_na_modelagem_dos_dados_com_o_objetivo_de_criar_conjuntos_de_dados_como_data_warehouses_data_marts_etc,binaria_multiselect,82.8,grupo_nao_exibido_ao_respondente
2023-2024,quais_das_opcoes_abaixo_fazem_parte_da_sua_rotina_no_trabalho_atual_como_engenheiro_de_dados_cuido_da_qualidade_dos_dados_metadados_e_dicionario_de_dados,binaria_multiselect,82.8,grupo_nao_exibido_ao_respondente
2023-2024,quais_das_opcoes_abaixo_fazem_parte_da_sua_rotina_no_trabalho_atual_como_engenheiro_de_dados_nenhuma_das_opcoes_listadas_refletem_meu_dia_a_dia,binaria_multiselect,82.8,grupo_nao_exibido_ao_respondente
2023-2024,quais_as_ferramentas_tecnologias_de_etl_que_voce_utiliza_no_trabalho_como_data_engineer_scripts_python,binaria_multiselect,82.8,grupo_nao_exibido_ao_respondente
2023-2024,quais_as_ferramentas_tecnologias_de_etl_que_voce_utiliza_no_trabalho_como_data_engineer_sql_&_stored_procedures,binaria_multiselect,82.8,grupo_nao_exibido_ao_respondente
2023-2024,quais_as_ferramentas_tecnologias_de_etl_que_voce_utiliza_no_trabalho_como_data_engineer_apache_airflow,binaria_multiselect,82.8,grupo_nao_exibido_ao_respondente
2023-2024,quais_as_ferramentas_tecnologias_de_etl_que_voce_utiliza_no_trabalho_como_data_engineer_apache_nifi,binaria_multiselect,82.8,grupo_nao_exibido_ao_respondente
2023-2024,quais_as_ferramentas_tecnologias_de_etl_que_voce_utiliza_no_trabalho_como_data_engineer_luigi,binaria_multiselect,82.8,grupo_nao_exibido_ao_respondente
2023-2024,quais_as_ferramentas_tecnologias_de_etl_que_voce_utiliza_no_trabalho_como_data_engineer_aws_glue,binaria_multiselect,82.8,grupo_nao_exibido_ao_respondente
2023-2024,quais_as_ferramentas_tecnologias_de_etl_que_voce_utiliza_no_trabalho_como_data_engineer_talend,binaria_multiselect,82.8,grupo_nao_exibido_ao_respondente
2023-2024,quais_as_ferramentas_tecnologias_de_etl_que_voce_utiliza_no_trabalho_como_data_engineer_pentaho,binaria_multiselect,82.8,grupo_nao_exibido_ao_respondente
2023-2024,quais_as_ferramentas_tecnologias_de_etl_que_voce_utiliza_no_trabalho_como_data_engineer_alteryx,binaria_multiselect,82.8,grupo_nao_exibido_ao_respondente
2023-2024,quais_as_ferramentas_tecnologias_de_etl_que_voce_utiliza_no_trabalho_como_data_engineer_stitch,binaria_multiselect,82.8,grupo_nao_exibido_ao_respondente
2023-2024,quais_as_ferramentas_tecnologias_de_etl_que_voce_utiliza_no_trabalho_como_data_engineer_fivetran,binaria_multiselect,82.8,grupo_nao_exibido_ao_respondente
2023-2024,quais_as_ferramentas_tecnologias_de_etl_que_voce_utiliza_no_trabalho_como_data_engineer_google_dataflow,binaria_multiselect,82.8,grupo_nao_exibido_ao_respondente
2023-2024,quais_as_ferramentas_tecnologias_de_etl_que_voce_utiliza_no_trabalho_como_data_engineer_oracle_data_integrator,binaria_multiselect,82.8,grupo_nao_exibido_ao_respondente
2023-2024,quais_as_ferramentas_tecnologias_de_etl_que_voce_utiliza_no_trabalho_como_data_engineer_ibm_datastage,binaria_multiselect,82.8,grupo_nao_exibido_ao_respondente
2023-2024,quais_as_ferramentas_tecnologias_de_etl_que_voce_utiliza_no_trabalho_como_data_engineer_sap_bw_etl,binaria_multiselect,82.8,grupo_nao_exibido_ao_respondente
2023-2024,quais_as_ferramentas_tecnologias_de_etl_que_voce_utiliza_no_trabalho_como_data_engineer_sql_server_integration_services_ssis,binaria_multiselect,82.8,grupo_nao_exibido_ao_respondente
2023-2024,quais_as_ferramentas_tecnologias_de_etl_que_voce_utiliza_no_trabalho_como_data_engineer_sas_data_integration,binaria_multiselect,82.8,grupo_nao_exibido_ao_respondente
2023-2024,quais_as_ferramentas_tecnologias_de_etl_que_voce_utiliza_no_trabalho_como_data_engineer_qlik_sense,binaria_multiselect,82.8,grupo_nao_exibido_ao_respondente
2023-2024,quais_as_ferramentas_tecnologias_de_etl_que_voce_utiliza_no_trabalho_como_data_engineer_knime,binaria_multiselect,82.8,grupo_nao_exibido_ao_respondente
2023-2024,quais_as_ferramentas_tecnologias_de_etl_que_voce_utiliza_no_trabalho_como_data_engineer_databricks,binaria_multiselect,82.8,grupo_nao_exibido_ao_respondente
2023-2024,quais_as_ferramentas_tecnologias_de_etl_que_voce_utiliza_no_trabalho_como_data_engineer_nao_utilizo_ferramentas_de_etl,binaria_multiselect,82.8,grupo_nao_exibido_ao_respondente
2023-2024,em_qual_das_opcoes_abaixo_voce_gasta_a_maior_parte_do_seu_tempo_desenvolvendo_pipelines_de_dados_utilizando_linguagens_de_programacao_como_python_scala_java_etc,binaria_multiselect,82.8,grupo_nao_exibido_ao_respondente
2023-2024,em_qual_das_opcoes_abaixo_voce_gasta_a_maior_parte_do_seu_tempo_realizando_construcoes_de_etl's_em_ferramentas_como_pentaho_talend_dataflow_etc,binaria_multiselect,82.8,grupo_nao_exibido_ao_respondente
2023-2024,em_qual_das_opcoes_abaixo_voce_gasta_a_maior_parte_do_seu_tempo_criando_consultas_atraves_da_linguagem_sql_para_exportar_informacoes_e_compartilhar_com_as_areas_de_negocio,binaria_multiselect,82.8,grupo_nao_exibido_ao_respondente
2023-2024,em_qual_das_opcoes_abaixo_voce_gasta_a_maior_parte_do_seu_tempo_atuando_na_integracao_de_diferentes_fontes_de_dados_atraves_de_plataformas_proprietarias_como_stitch_data_fivetran_etc,binaria_multiselect,82.8,grupo_nao_exibido_ao_respondente
2023-2024,em_qual_das_opcoes_abaixo_voce_gasta_a_maior_parte_do_seu_tempo_modelando_solucoes_de_arquitetura_de_dados_criando_componentes_de_ingestao_de_dados_transformacao_e_recuperacao_da_informacao,binaria_multiselect,82.8,grupo_nao_exibido_ao_respondente
2023-2024,em_qual_das_opcoes_abaixo_voce_gasta_a_maior_parte_do_seu_tempo_desenvolvendo_cuidando_da_manutencao_de_repositorios_de_dados_baseados_em_streaming_de_eventos_como_data_lakes_e_data_lakehouses,binaria_multiselect,82.8,grupo_nao_exibido_ao_respondente
2023-2024,em_qual_das_opcoes_abaixo_voce_gasta_a_maior_parte_do_seu_tempo_atuando_na_modelagem_dos_dados_com_o_objetivo_de_criar_conjuntos_de_dados_como_data_warehouses_data_marts_etc,binaria_multiselect,82.8,grupo_nao_exibido_ao_respondente
2023-2024,em_qual_das_opcoes_abaixo_voce_gasta_a_maior_parte_do_seu_tempo_cuidando_da_qualidade_dos_dados_metadados_e_dicionario_de_dados,binaria_multiselect,82.8,grupo_nao_exibido_ao_respondente
2023-2024,em_qual_das_opcoes_abaixo_voce_gasta_a_maior_parte_do_seu_tempo_nenhuma_das_opcoes_listadas_refletem_meu_dia_a_dia,binaria_multiselect,82.8,grupo_nao_exibido_ao_respondente
2023-2024,sua_organizacao_possui_um_data_lake,binaria_multiselect,82.8,grupo_nao_exibido_ao_respondente
2023-2024,sua_organizacao_possui_um_data_warehouse,binaria_multiselect,82.8,grupo_nao_exibido_ao_respondente
2023-2024,regiao_de_origem,categorica_escolha_unica,79.9,condicional_ao_perfil
2023-2024,aspectos_prejudicados_quantidade_de_oportunidades_de_emprego_vagas_recebidas,binaria_multiselect,76.5,grupo_nao_exibido_ao_respondente
2023-2024,aspectos_prejudicados_senioridade_das_vagas_recebidas_em_relacao_a_sua_experiencia,binaria_multiselect,76.5,grupo_nao_exibido_ao_respondente
2023-2024,aspectos_prejudicados_aprovacao_em_processos_seletivos_entrevistas,binaria_multiselect,76.5,grupo_nao_exibido_ao_respondente
2023-2024,aspectos_prejudicados_oportunidades_de_progressao_de_carreira,binaria_multiselect,76.5,grupo_nao_exibido_ao_respondente
2023-2024,aspectos_prejudicados_velocidade_de_progressao_de_carreira,binaria_multiselect,76.5,grupo_nao_exibido_ao_respondente
2023-2024,aspectos_prejudicados_nivel_de_cobranca_no_trabalho_stress_no_trabalho,binaria_multiselect,76.5,grupo_nao_exibido_ao_respondente
2023-2024,aspectos_prejudicados_atencao_dada_diante_das_minhas_opinioes_e_ideias,binaria_multiselect,76.5,grupo_nao_exibido_ao_respondente
2023-2024,aspectos_prejudicados_relacao_com_outros_membros_da_empresa_em_momentos_de_trabalho,binaria_multiselect,76.5,grupo_nao_exibido_ao_respondente
2023-2024,aspectos_prejudicados_relacao_com_outros_membros_da_empresa_em_momentos_de_integracao_e_outros_momentos_fora_do_trabalho,binaria_multiselect,76.5,grupo_nao_exibido_ao_respondente
2023-2024,qual_o_principal_motivo_da_sua_insatisfacao_com_a_empresa_atual_falta_de_oportunidade_de_crescimento_no_emprego_atual,binaria_multiselect,75.1,grupo_nao_exibido_ao_respondente
2023-2024,qual_o_principal_motivo_da_sua_insatisfacao_com_a_empresa_atual_salario_atual_nao_corresponde_ao_mercado,binaria_multiselect,75.1,grupo_nao_exibido_ao_respondente
2023-2024,qual_o_principal_motivo_da_sua_insatisfacao_com_a_empresa_atual_nao_tenho_uma_boa_relacao_com_meu_lider_gestor,binaria_multiselect,75.1,grupo_nao_exibido_ao_respondente
2023-2024,qual_o_principal_motivo_da_sua_insatisfacao_com_a_empresa_atual_gostaria_de_trabalhar_em_em_outra_area_de_atuacao,binaria_multiselect,75.1,grupo_nao_exibido_ao_respondente
2023-2024,qual_o_principal_motivo_da_sua_insatisfacao_com_a_empresa_atual_gostaria_de_receber_mais_beneficios,binaria_multiselect,75.1,grupo_nao_exibido_ao_respondente
2023-2024,qual_o_principal_motivo_da_sua_insatisfacao_com_a_empresa_atual_o_clima_de_trabalho_ambiente_nao_e_bom,binaria_multiselect,75.1,grupo_nao_exibido_ao_respondente
2023-2024,qual_o_principal_motivo_da_sua_insatisfacao_com_a_empresa_atual_falta_de_maturidade_analitica_na_empresa,binaria_multiselect,75.1,grupo_nao_exibido_ao_respondente
2023-2024,quais_as_ferramentas_tecnologias_de_etl_que_voce_utiliza_no_trabalho_como_data_analyst_scripts_python,binaria_multiselect,66.1,grupo_nao_exibido_ao_respondente
2023-2024,quais_as_ferramentas_tecnologias_de_etl_que_voce_utiliza_no_trabalho_como_data_analyst_sql_&_stored_procedures,binaria_multiselect,66.1,grupo_nao_exibido_ao_respondente
2023-2024,quais_as_ferramentas_tecnologias_de_etl_que_voce_utiliza_no_trabalho_como_data_analyst_apache_airflow,binaria_multiselect,66.1,grupo_nao_exibido_ao_respondente
2023-2024,quais_as_ferramentas_tecnologias_de_etl_que_voce_utiliza_no_trabalho_como_data_analyst_apache_nifi,binaria_multiselect,66.1,grupo_nao_exibido_ao_respondente
2023-2024,quais_as_ferramentas_tecnologias_de_etl_que_voce_utiliza_no_trabalho_como_data_analyst_luigi,binaria_multiselect,66.1,grupo_nao_exibido_ao_respondente
2023-2024,quais_as_ferramentas_tecnologias_de_etl_que_voce_utiliza_no_trabalho_como_data_analyst_aws_glue,binaria_multiselect,66.1,grupo_nao_exibido_ao_respondente
2023-2024,quais_as_ferramentas_tecnologias_de_etl_que_voce_utiliza_no_trabalho_como_data_analyst_talend,binaria_multiselect,66.1,grupo_nao_exibido_ao_respondente
2023-2024,quais_as_ferramentas_tecnologias_de_etl_que_voce_utiliza_no_trabalho_como_data_analyst_pentaho,binaria_multiselect,66.1,grupo_nao_exibido_ao_respondente
2023-2024,quais_as_ferramentas_tecnologias_de_etl_que_voce_utiliza_no_trabalho_como_data_analyst_alteryx,binaria_multiselect,66.1,grupo_nao_exibido_ao_respondente
2023-2024,quais_as_ferramentas_tecnologias_de_etl_que_voce_utiliza_no_trabalho_como_data_analyst_stitch,binaria_multiselect,66.1,grupo_nao_exibido_ao_respondente
2023-2024,quais_as_ferramentas_tecnologias_de_etl_que_voce_utiliza_no_trabalho_como_data_analyst_fivetran,binaria_multiselect,66.1,grupo_nao_exibido_ao_respondente
2023-2024,quais_as_ferramentas_tecnologias_de_etl_que_voce_utiliza_no_trabalho_como_data_analyst_google_dataflow,binaria_multiselect,66.1,grupo_nao_exibido_ao_respondente
2023-2024,quais_as_ferramentas_tecnologias_de_etl_que_voce_utiliza_no_trabalho_como_data_analyst_oracle_data_integrator,binaria_multiselect,66.1,grupo_nao_exibido_ao_respondente
2023-2024,quais_as_ferramentas_tecnologias_de_etl_que_voce_utiliza_no_trabalho_como_data_analyst_ibm_datastage,binaria_multiselect,66.1,grupo_nao_exibido_ao_respondente
2023-2024,quais_as_ferramentas_tecnologias_de_etl_que_voce_utiliza_no_trabalho_como_data_analyst_sap_bw_etl,binaria_multiselect,66.1,grupo_nao_exibido_ao_respondente
2023-2024,quais_as_ferramentas_tecnologias_de_etl_que_voce_utiliza_no_trabalho_como_data_analyst_sql_server_integration_services_ssis,binaria_multiselect,66.1,grupo_nao_exibido_ao_respondente
2023-2024,quais_as_ferramentas_tecnologias_de_etl_que_voce_utiliza_no_trabalho_como_data_analyst_sas_data_integration,binaria_multiselect,66.1,grupo_nao_exibido_ao_respondente
2023-2024,quais_as_ferramentas_tecnologias_de_etl_que_voce_utiliza_no_trabalho_como_data_analyst_qlik_sense,binaria_multiselect,66.1,grupo_nao_exibido_ao_respondente
2023-2024,quais_as_ferramentas_tecnologias_de_etl_que_voce_utiliza_no_trabalho_como_data_analyst_knime,binaria_multiselect,66.1,grupo_nao_exibido_ao_respondente
2023-2024,quais_as_ferramentas_tecnologias_de_etl_que_voce_utiliza_no_trabalho_como_data_analyst_databricks,binaria_multiselect,66.1,grupo_nao_exibido_ao_respondente
2023-2024,quais_as_ferramentas_tecnologias_de_etl_que_voce_utiliza_no_trabalho_como_data_analyst_nao_utilizo_ferramentas_de_etl,binaria_multiselect,66.1,grupo_nao_exibido_ao_respondente
2023-2024,sua_empresa_utiliza_alguma_das_ferramentas_listadas_para_dar_mais_autonomia_em_analise_de_dados_para_as_areas_de_negocio_ferramentas_de_automl_como_h2oai_data_robot_bigml_etc,binaria_multiselect,66.1,grupo_nao_exibido_ao_respondente
2023-2024,"sua_empresa_utiliza_alguma_das_ferramentas_listadas_para_dar_mais_autonomia_em_analise_de_dados_para_as_areas_de_negocio_""""point_and_click""""_analytics_como_alteryx_knime_rapidminer_etc",binaria_multiselect,66.1,grupo_nao_exibido_ao_respondente
2023-2024,sua_empresa_utiliza_alguma_das_ferramentas_listadas_para_dar_mais_autonomia_em_analise_de_dados_para_as_areas_de_negocio_product_metricts_&_insights_como_mixpanel_amplitude_adobe_analytics,binaria_multiselect,66.1,grupo_nao_exibido_ao_respondente
2023-2024,sua_empresa_utiliza_alguma_das_ferramentas_listadas_para_dar_mais_autonomia_em_analise_de_dados_para_as_areas_de_negocio_ferramentas_de_analise_dentro_de_ferramentas_de_crm_como_salesforce_einstein_anaytics_ou_zendesk_dashboards,binaria_multiselect,66.1,grupo_nao_exibido_ao_respondente
2023-2024,sua_empresa_utiliza_alguma_das_ferramentas_listadas_para_dar_mais_autonomia_em_analise_de_dados_para_as_areas_de_negocio_minha_empresa_nao_utiliza_essas_ferramentas,binaria_multiselect,66.1,grupo_nao_exibido_ao_respondente
2023-2024,sua_empresa_utiliza_alguma_das_ferramentas_listadas_para_dar_mais_autonomia_em_analise_de_dados_para_as_areas_de_negocio_nao_sei_informar,binaria_multiselect,66.1,grupo_nao_exibido_ao_respondente
2023-2024,em_qual_das_opcoes_abaixo_voce_gasta_a_maior_parte_do_seu_tempo_de_trabalho_processando_e_analisando_dados_utilizando_linguagens_de_programacao_como_python_r_etc,binaria_multiselect,66.1,grupo_nao_exibido_ao_respondente
2023-2024,em_qual_das_opcoes_abaixo_voce_gasta_a_maior_parte_do_seu_tempo_de_trabalho_realizando_construcoes_de_dashboards_em_ferramentas_de_bi_como_powerbi_tableau_looker_qlik_etc,binaria_multiselect,66.1,grupo_nao_exibido_ao_respondente
2023-2024,em_qual_das_opcoes_abaixo_voce_gasta_a_maior_parte_do_seu_tempo_de_trabalho_criando_consultas_atraves_da_linguagem_sql_para_exportar_informacoes_e_compartilhar_com_as_areas_de_negocio,binaria_multiselect,66.1,grupo_nao_exibido_ao_respondente
2023-2024,em_qual_das_opcoes_abaixo_voce_gasta_a_maior_parte_do_seu_tempo_de_trabalho_utilizando_api's_para_extrair_dados_e_complementar_minhas_analises,binaria_multiselect,66.1,grupo_nao_exibido_ao_respondente
2023-2024,em_qual_das_opcoes_abaixo_voce_gasta_a_maior_parte_do_seu_tempo_de_trabalho_realizando_experimentos_e_estudos_utilizando_metodologias_estatisticas_como_teste_de_hipotese_modelos_de_regressao_etc,binaria_multiselect,66.1,grupo_nao_exibido_ao_respondente
2023-2024,em_qual_das_opcoes_abaixo_voce_gasta_a_maior_parte_do_seu_tempo_de_trabalho_desenvolvendo_cuidando_da_manutencao_de_etl's_utilizando_tecnologias_como_talend_pentaho_airflow_dataflow_etc,binaria_multiselect,66.1,grupo_nao_exibido_ao_respondente
2023-2024,em_qual_das_opcoes_abaixo_voce_gasta_a_maior_parte_do_seu_tempo_de_trabalho_atuando_na_modelagem_dos_dados_com_o_objetivo_de_criar_conjuntos_de_dados_data_warehouses_data_marts_etc,binaria_multiselect,66.1,grupo_nao_exibido_ao_respondente
2023-2024,em_qual_das_opcoes_abaixo_voce_gasta_a_maior_parte_do_seu_tempo_de_trabalho_desenvolvendo_cuidando_da_manutencao_de_planilhas_do_excel_ou_google_sheets_para_atender_as_areas_de_negocio,binaria_multiselect,66.1,grupo_nao_exibido_ao_respondente
2023-2024,em_qual_das_opcoes_abaixo_voce_gasta_a_maior_parte_do_seu_tempo_de_trabalho_utilizando_ferramentas_avancadas_de_estatistica_como_sas_spss_stata_etc_para_realizar_analises,binaria_multiselect,66.1,grupo_nao_exibido_ao_respondente
2023-2024,em_qual_das_opcoes_abaixo_voce_gasta_a_maior_parte_do_seu_tempo_de_trabalho_nenhuma_das_opcoes_listadas_refletem_meu_dia_a_dia,binaria_multiselect,66.1,grupo_nao_exibido_ao_respondente
2023-2024,quais_das_opcoes_abaixo_fazem_parte_da_sua_rotina_no_trabalho_atual_com_analise_de_dados,categorica_escolha_unica,66.1,condicional_ao_perfil
2023-2024,processo_e_analiso_dados_utilizando_linguagens_de_programacao_como_python_r_etc,binaria_multiselect,66.1,grupo_nao_exibido_ao_respondente
2023-2024,realizo_construcoes_de_dashboards_em_ferramentas_de_bi_como_powerbi_tableau_looker_qlik_etc,binaria_multiselect,66.1,grupo_nao_exibido_ao_respondente
2023-2024,crio_consultas_atraves_da_linguagem_sql_para_exportar_informacoes_e_compartilhar_com_as_areas_de_negocio,binaria_multiselect,66.1,grupo_nao_exibido_ao_respondente
2023-2024,utilizo_api's_para_extrair_dados_e_complementar_minhas_analises,binaria_multiselect,66.1,grupo_nao_exibido_ao_respondente
2023-2024,realizo_experimentos_e_estudos_utilizando_metodologias_estatisticas_como_teste_de_hipotese_modelos_de_regressao_etc,binaria_multiselect,66.1,grupo_nao_exibido_ao_respondente
2023-2024,desenvolvo_cuido_da_manutencao_de_etl's_utilizando_tecnologias_como_talend_pentaho_airflow_dataflow_etc,binaria_multiselect,66.1,grupo_nao_exibido_ao_respondente
2023-2024,atuo_na_modelagem_dos_dados_com_o_objetivo_de_criar_conjuntos_de_dados_data_warehouses_data_marts_etc,binaria_multiselect,66.1,grupo_nao_exibido_ao_respondente
2023-2024,desenvolvo_cuido_da_manutencao_de_planilhas_para_atender_as_areas_de_negocio,binaria_multiselect,66.1,grupo_nao_exibido_ao_respondente
2023-2024,utilizo_ferramentas_avancadas_de_estatistica_como_sass_pss_stata_etc,binaria_multiselect,66.1,grupo_nao_exibido_ao_respondente
2023-2024,nenhuma_das_opcoes_listadas_refletem_meu_dia_a_dia,binaria_multiselect,66.1,grupo_nao_exibido_ao_respondente
2023-2024,experiencia_profissional_prejudicada_nao_acredito_que_minha_experiencia_profissional_seja_afetada,binaria_multiselect,48.6,grupo_nao_exibido_ao_respondente
2023-2024,experiencia_profissional_prejudicada_experiencia_prejudicada_devido_a_minha_cor_raca_etnia,binaria_multiselect,48.6,grupo_nao_exibido_ao_respondente
2023-2024,experiencia_profissional_prejudicada_experiencia_prejudicada_devido_a_minha_identidade_de_genero,binaria_multiselect,48.6,grupo_nao_exibido_ao_respondente
2023-2024,experiencia_profissional_prejudicada_experiencia_prejudicada_devido_ao_fato_de_ser_pcd,binaria_multiselect,48.6,grupo_nao_exibido_ao_respondente
2023-2024,dentre_as_opcoes_listadas_qual_sua_cloud_preferida_azure_microsoft,binaria_multiselect,31.7,grupo_nao_exibido_ao_respondente
2023-2024,dentre_as_opcoes_listadas_qual_sua_cloud_preferida_amazon_web_services_aws,binaria_multiselect,31.7,grupo_nao_exibido_ao_respondente
2023-2024,dentre_as_opcoes_listadas_qual_sua_cloud_preferida_google_cloud_gcp,binaria_multiselect,31.7,grupo_nao_exibido_ao_respondente
2023-2024,dentre_as_opcoes_listadas_qual_sua_cloud_preferida_oracle_cloud,binaria_multiselect,31.7,grupo_nao_exibido_ao_respondente
2023-2024,dentre_as_opcoes_listadas_qual_sua_cloud_preferida_ibm,binaria_multiselect,31.7,grupo_nao_exibido_ao_respondente
2023-2024,dentre_as_opcoes_listadas_qual_sua_cloud_preferida_servidores_on_premise_nao_utilizamos_cloud,binaria_multiselect,31.7,grupo_nao_exibido_ao_respondente
2023-2024,dentre_as_opcoes_listadas_qual_sua_cloud_preferida_cloud_propria,binaria_multiselect,31.7,grupo_nao_exibido_ao_respondente
2023-2024,entre_as_linguagens_listadas_abaixo_qual_e_a_sua_preferida,categorica_escolha_unica,29.2,condicional_ao_perfil
2023-2024,mesmo_que_esse_nao_seja_seu_cargo_formal_voce_considera_que_sua_atuacao_no_dia_a_dia_reflete_alguma_das_opcoes_listadas_abaixo,categorica_escolha_unica,29.1,condicional_ao_perfil
2023-2024,quais_das_fontes_de_dados_listadas_voce_ja_analisou_ou_processou_no_trabalho_dados_relacionais_estruturados_em_bancos_sql,binaria_multiselect,28.7,grupo_nao_exibido_ao_respondente
2023-2024,quais_das_fontes_de_dados_listadas_voce_ja_analisou_ou_processou_no_trabalho_dados_armazenados_em_bancos_nosql,binaria_multiselect,28.7,grupo_nao_exibido_ao_respondente
2023-2024,quais_das_fontes_de_dados_listadas_voce_ja_analisou_ou_processou_no_trabalho_imagens,binaria_multiselect,28.7,grupo_nao_exibido_ao_respondente
2023-2024,quais_das_fontes_de_dados_listadas_voce_ja_analisou_ou_processou_no_trabalho_textos_documentos,binaria_multiselect,28.7,grupo_nao_exibido_ao_respondente
2023-2024,quais_das_fontes_de_dados_listadas_voce_ja_analisou_ou_processou_no_trabalho_videos,binaria_multiselect,28.7,grupo_nao_exibido_ao_respondente
2023-2024,quais_das_fontes_de_dados_listadas_voce_ja_analisou_ou_processou_no_trabalho_audios,binaria_multiselect,28.7,grupo_nao_exibido_ao_respondente
2023-2024,quais_das_fontes_de_dados_listadas_voce_ja_analisou_ou_processou_no_trabalho_planilhas,binaria_multiselect,28.7,grupo_nao_exibido_ao_respondente
2023-2024,quais_das_fontes_de_dados_listadas_voce_ja_analisou_ou_processou_no_trabalho_dados_georeferenciados,binaria_multiselect,28.7,grupo_nao_exibido_ao_respondente
2023-2024,entre_as_fontes_de_dados_listadas_quais_voce_utiliza_na_maior_parte_do_tempo_dados_relacionais_estruturados_em_bancos_sql,binaria_multiselect,28.7,grupo_nao_exibido_ao_respondente
2023-2024,entre_as_fontes_de_dados_listadas_quais_voce_utiliza_na_maior_parte_do_tempo_dados_armazenados_em_bancos_nosql,binaria_multiselect,28.7,grupo_nao_exibido_ao_respondente
2023-2024,entre_as_fontes_de_dados_listadas_quais_voce_utiliza_na_maior_parte_do_tempo_imagens,binaria_multiselect,28.7,grupo_nao_exibido_ao_respondente
2023-2024,entre_as_fontes_de_dados_listadas_quais_voce_utiliza_na_maior_parte_do_tempo_textos_documentos,binaria_multiselect,28.7,grupo_nao_exibido_ao_respondente
2023-2024,entre_as_fontes_de_dados_listadas_quais_voce_utiliza_na_maior_parte_do_tempo_videos,binaria_multiselect,28.7,grupo_nao_exibido_ao_respondente
2023-2024,entre_as_fontes_de_dados_listadas_quais_voce_utiliza_na_maior_parte_do_tempo_audios,binaria_multiselect,28.7,grupo_nao_exibido_ao_respondente
2023-2024,entre_as_fontes_de_dados_listadas_quais_voce_utiliza_na_maior_parte_do_tempo_planilhas,binaria_multiselect,28.7,grupo_nao_exibido_ao_respondente
2023-2024,entre_as_fontes_de_dados_listadas_quais_voce_utiliza_na_maior_parte_do_tempo_dados_georeferenciados,binaria_multiselect,28.7,grupo_nao_exibido_ao_respondente
2023-2024,quais_das_linguagens_listadas_abaixo_voce_utiliza_no_trabalho_sql,binaria_multiselect,28.7,grupo_nao_exibido_ao_respondente
2023-2024,quais_das_linguagens_listadas_abaixo_voce_utiliza_no_trabalho_r,binaria_multiselect,28.7,grupo_nao_exibido_ao_respondente
2023-2024,quais_das_linguagens_listadas_abaixo_voce_utiliza_no_trabalho_python,binaria_multiselect,28.7,grupo_nao_exibido_ao_respondente
2023-2024,quais_das_linguagens_listadas_abaixo_voce_utiliza_no_trabalho_c_c++_c#,binaria_multiselect,28.7,grupo_nao_exibido_ao_respondente
2023-2024,quais_das_linguagens_listadas_abaixo_voce_utiliza_no_trabalho_net,binaria_multiselect,28.7,grupo_nao_exibido_ao_respondente
2023-2024,quais_das_linguagens_listadas_abaixo_voce_utiliza_no_trabalho_java,binaria_multiselect,28.7,grupo_nao_exibido_ao_respondente
2023-2024,quais_das_linguagens_listadas_abaixo_voce_utiliza_no_trabalho_julia,binaria_multiselect,28.7,grupo_nao_exibido_ao_respondente
2023-2024,quais_das_linguagens_listadas_abaixo_voce_utiliza_no_trabalho_sas_stata,binaria_multiselect,28.7,grupo_nao_exibido_ao_respondente
2023-2024,quais_das_linguagens_listadas_abaixo_voce_utiliza_no_trabalho_visual_basic_vba,binaria_multiselect,28.7,grupo_nao_exibido_ao_respondente
2023-2024,quais_das_linguagens_listadas_abaixo_voce_utiliza_no_trabalho_scala,binaria_multiselect,28.7,grupo_nao_exibido_ao_respondente
2023-2024,quais_das_linguagens_listadas_abaixo_voce_utiliza_no_trabalho_matlab,binaria_multiselect,28.7,grupo_nao_exibido_ao_respondente
2023-2024,quais_das_linguagens_listadas_abaixo_voce_utiliza_no_trabalho_rust,binaria_multiselect,28.7,grupo_nao_exibido_ao_respondente
2023-2024,quais_das_linguagens_listadas_abaixo_voce_utiliza_no_trabalho_php,binaria_multiselect,28.7,grupo_nao_exibido_ao_respondente
2023-2024,quais_das_linguagens_listadas_abaixo_voce_utiliza_no_trabalho_javascript,binaria_multiselect,28.7,grupo_nao_exibido_ao_respondente
2023-2024,quais_das_linguagens_listadas_abaixo_voce_utiliza_no_trabalho_nao_utilizo_nenhuma_linguagem,binaria_multiselect,28.7,grupo_nao_exibido_ao_respondente
2023-2024,quais_dos_bancos_de_dados_fontes_de_dados_listados_abaixo_voce_utiliza_no_trabalho_mysql,binaria_multiselect,28.7,grupo_nao_exibido_ao_respondente
2023-2024,quais_dos_bancos_de_dados_fontes_de_dados_listados_abaixo_voce_utiliza_no_trabalho_oracle,binaria_multiselect,28.7,grupo_nao_exibido_ao_respondente
2023-2024,quais_dos_bancos_de_dados_fontes_de_dados_listados_abaixo_voce_utiliza_no_trabalho_sql_server,binaria_multiselect,28.7,grupo_nao_exibido_ao_respondente
2023-2024,quais_dos_bancos_de_dados_fontes_de_dados_listados_abaixo_voce_utiliza_no_trabalho_amazon_aurora_ou_rds,binaria_multiselect,28.7,grupo_nao_exibido_ao_respondente
2023-2024,quais_dos_bancos_de_dados_fontes_de_dados_listados_abaixo_voce_utiliza_no_trabalho_dynamodb,binaria_multiselect,28.7,grupo_nao_exibido_ao_respondente
2023-2024,quais_dos_bancos_de_dados_fontes_de_dados_listados_abaixo_voce_utiliza_no_trabalho_coachdb,binaria_multiselect,28.7,grupo_nao_exibido_ao_respondente
2023-2024,quais_dos_bancos_de_dados_fontes_de_dados_listados_abaixo_voce_utiliza_no_trabalho_cassandra,binaria_multiselect,28.7,grupo_nao_exibido_ao_respondente
2023-2024,quais_dos_bancos_de_dados_fontes_de_dados_listados_abaixo_voce_utiliza_no_trabalho_mongodb,binaria_multiselect,28.7,grupo_nao_exibido_ao_respondente
2023-2024,quais_dos_bancos_de_dados_fontes_de_dados_listados_abaixo_voce_utiliza_no_trabalho_mariadb,binaria_multiselect,28.7,grupo_nao_exibido_ao_respondente
2023-2024,quais_dos_bancos_de_dados_fontes_de_dados_listados_abaixo_voce_utiliza_no_trabalho_datomic,binaria_multiselect,28.7,grupo_nao_exibido_ao_respondente
2023-2024,quais_dos_bancos_de_dados_fontes_de_dados_listados_abaixo_voce_utiliza_no_trabalho_s3,binaria_multiselect,28.7,grupo_nao_exibido_ao_respondente
2023-2024,quais_dos_bancos_de_dados_fontes_de_dados_listados_abaixo_voce_utiliza_no_trabalho_postgresql,binaria_multiselect,28.7,grupo_nao_exibido_ao_respondente
2023-2024,quais_dos_bancos_de_dados_fontes_de_dados_listados_abaixo_voce_utiliza_no_trabalho_elasticsearch,binaria_multiselect,28.7,grupo_nao_exibido_ao_respondente
2023-2024,quais_dos_bancos_de_dados_fontes_de_dados_listados_abaixo_voce_utiliza_no_trabalho_db2,binaria_multiselect,28.7,grupo_nao_exibido_ao_respondente
2023-2024,quais_dos_bancos_de_dados_fontes_de_dados_listados_abaixo_voce_utiliza_no_trabalho_microsoft_access,binaria_multiselect,28.7,grupo_nao_exibido_ao_respondente
2023-2024,quais_dos_bancos_de_dados_fontes_de_dados_listados_abaixo_voce_utiliza_no_trabalho_sqlite,binaria_multiselect,28.7,grupo_nao_exibido_ao_respondente
2023-2024,quais_dos_bancos_de_dados_fontes_de_dados_listados_abaixo_voce_utiliza_no_trabalho_sybase,binaria_multiselect,28.7,grupo_nao_exibido_ao_respondente
2023-2024,quais_dos_bancos_de_dados_fontes_de_dados_listados_abaixo_voce_utiliza_no_trabalho_firebase,binaria_multiselect,28.7,grupo_nao_exibido_ao_respondente
2023-2024,quais_dos_bancos_de_dados_fontes_de_dados_listados_abaixo_voce_utiliza_no_trabalho_vertica,binaria_multiselect,28.7,grupo_nao_exibido_ao_respondente
2023-2024,quais_dos_bancos_de_dados_fontes_de_dados_listados_abaixo_voce_utiliza_no_trabalho_redis,binaria_multiselect,28.7,grupo_nao_exibido_ao_respondente
2023-2024,quais_dos_bancos_de_dados_fontes_de_dados_listados_abaixo_voce_utiliza_no_trabalho_neo4j,binaria_multiselect,28.7,grupo_nao_exibido_ao_respondente
2023-2024,quais_dos_bancos_de_dados_fontes_de_dados_listados_abaixo_voce_utiliza_no_trabalho_google_bigquery,binaria_multiselect,28.7,grupo_nao_exibido_ao_respondente
2023-2024,quais_dos_bancos_de_dados_fontes_de_dados_listados_abaixo_voce_utiliza_no_trabalho_google_firestore,binaria_multiselect,28.7,grupo_nao_exibido_ao_respondente
2023-2024,quais_dos_bancos_de_dados_fontes_de_dados_listados_abaixo_voce_utiliza_no_trabalho_amazon_redshift,binaria_multiselect,28.7,grupo_nao_exibido_ao_respondente
2023-2024,quais_dos_bancos_de_dados_fontes_de_dados_listados_abaixo_voce_utiliza_no_trabalho_amazon_athena,binaria_multiselect,28.7,grupo_nao_exibido_ao_respondente
2023-2024,quais_dos_bancos_de_dados_fontes_de_dados_listados_abaixo_voce_utiliza_no_trabalho_snowflake,binaria_multiselect,28.7,grupo_nao_exibido_ao_respondente
2023-2024,quais_dos_bancos_de_dados_fontes_de_dados_listados_abaixo_voce_utiliza_no_trabalho_databricks,binaria_multiselect,28.7,grupo_nao_exibido_ao_respondente
2023-2024,quais_dos_bancos_de_dados_fontes_de_dados_listados_abaixo_voce_utiliza_no_trabalho_hbase,binaria_multiselect,28.7,grupo_nao_exibido_ao_respondente
2023-2024,quais_dos_bancos_de_dados_fontes_de_dados_listados_abaixo_voce_utiliza_no_trabalho_presto,binaria_multiselect,28.7,grupo_nao_exibido_ao_respondente
2023-2024,quais_dos_bancos_de_dados_fontes_de_dados_listados_abaixo_voce_utiliza_no_trabalho_splunk,binaria_multiselect,28.7,grupo_nao_exibido_ao_respondente
2023-2024,quais_dos_bancos_de_dados_fontes_de_dados_listados_abaixo_voce_utiliza_no_trabalho_sap_hana,binaria_multiselect,28.7,grupo_nao_exibido_ao_respondente
2023-2024,quais_dos_bancos_de_dados_fontes_de_dados_listados_abaixo_voce_utiliza_no_trabalho_hive,binaria_multiselect,28.7,grupo_nao_exibido_ao_respondente
2023-2024,quais_dos_bancos_de_dados_fontes_de_dados_listados_abaixo_voce_utiliza_no_trabalho_firebird,binaria_multiselect,28.7,grupo_nao_exibido_ao_respondente
2023-2024,ferramenta_de_bi_utilizada_no_dia_a_dia_microsoft_powerbi,binaria_multiselect,28.7,grupo_nao_exibido_ao_respondente
2023-2024,ferramenta_de_bi_utilizada_no_dia_a_dia_qlik_view_qlik_sense,binaria_multiselect,28.7,grupo_nao_exibido_ao_respondente
2023-2024,ferramenta_de_bi_utilizada_no_dia_a_dia_tableau,binaria_multiselect,28.7,grupo_nao_exibido_ao_respondente
2023-2024,ferramenta_de_bi_utilizada_no_dia_a_dia_metabase,binaria_multiselect,28.7,grupo_nao_exibido_ao_respondente
2023-2024,ferramenta_de_bi_utilizada_no_dia_a_dia_superset,binaria_multiselect,28.7,grupo_nao_exibido_ao_respondente
2023-2024,ferramenta_de_bi_utilizada_no_dia_a_dia_redash,binaria_multiselect,28.7,grupo_nao_exibido_ao_respondente
2023-2024,ferramenta_de_bi_utilizada_no_dia_a_dia_looker,binaria_multiselect,28.7,grupo_nao_exibido_ao_respondente
2023-2024,ferramenta_de_bi_utilizada_no_dia_a_dia_looker_studiogoogle_data_studio,binaria_multiselect,28.7,grupo_nao_exibido_ao_respondente
2023-2024,ferramenta_de_bi_utilizada_no_dia_a_dia_amazon_quicksight,binaria_multiselect,28.7,grupo_nao_exibido_ao_respondente
2023-2024,ferramenta_de_bi_utilizada_no_dia_a_dia_mode,binaria_multiselect,28.7,grupo_nao_exibido_ao_respondente
2023-2024,ferramenta_de_bi_utilizada_no_dia_a_dia_alteryx,binaria_multiselect,28.7,grupo_nao_exibido_ao_respondente
2023-2024,ferramenta_de_bi_utilizada_no_dia_a_dia_microstrategy,binaria_multiselect,28.7,grupo_nao_exibido_ao_respondente
2023-2024,ferramenta_de_bi_utilizada_no_dia_a_dia_ibm_analytics_cognos,binaria_multiselect,28.7,grupo_nao_exibido_ao_respondente
2023-2024,ferramenta_de_bi_utilizada_no_dia_a_dia_sap_business_objects_sap_analytics,binaria_multiselect,28.7,grupo_nao_exibido_ao_respondente
2023-2024,ferramenta_de_bi_utilizada_no_dia_a_dia_oracle_business_intelligence,binaria_multiselect,28.7,grupo_nao_exibido_ao_respondente
2023-2024,ferramenta_de_bi_utilizada_no_dia_a_dia_salesforce_einstein_analytics,binaria_multiselect,28.7,grupo_nao_exibido_ao_respondente
2023-2024,ferramenta_de_bi_utilizada_no_dia_a_dia_birst,binaria_multiselect,28.7,grupo_nao_exibido_ao_respondente
2023-2024,ferramenta_de_bi_utilizada_no_dia_a_dia_sas_visual_analytics,binaria_multiselect,28.7,grupo_nao_exibido_ao_respondente
2023-2024,ferramenta_de_bi_utilizada_no_dia_a_dia_grafana,binaria_multiselect,28.7,grupo_nao_exibido_ao_respondente
2023-2024,ferramenta_de_bi_utilizada_no_dia_a_dia_tibco_spotfire,binaria_multiselect,28.7,grupo_nao_exibido_ao_respondente
2023-2024,ferramenta_de_bi_utilizada_no_dia_a_dia_pentaho,binaria_multiselect,28.7,grupo_nao_exibido_ao_respondente
2023-2024,ferramenta_de_bi_utilizada_no_dia_a_dia_fazemos_todas_as_analises_utilizando_apenas_excel_ou_planilhas_do_google,binaria_multiselect,28.7,grupo_nao_exibido_ao_respondente
2023-2024,ferramenta_de_bi_utilizada_no_dia_a_dia_nao_utilizo_nenhuma_ferramenta_de_bi_no_trabalho,binaria_multiselect,28.7,grupo_nao_exibido_ao_respondente
2023-2024,utiliza_chatgpt_ou_llms_no_trabalho_nao_uso_solucoes_de_ai_generativa_com_foco_em_produtividade,binaria_multiselect,28.7,grupo_nao_exibido_ao_respondente
2023-2024,utiliza_chatgpt_ou_llms_no_trabalho_uso_solucoes_gratuitas_de_ai_generativa_com_foco_em_produtividade,binaria_multiselect,28.7,grupo_nao_exibido_ao_respondente
2023-2024,utiliza_chatgpt_ou_llms_no_trabalho_uso_e_pago_pelas_solucoes_de_ai_generativa_com_foco_em_produtividade,binaria_multiselect,28.7,grupo_nao_exibido_ao_respondente
2023-2024,utiliza_chatgpt_ou_llms_no_trabalho_a_empresa_que_trabalho_paga_pelas_solucoes_de_ai_generativa_com_foco_em_produtividade,binaria_multiselect,28.7,grupo_nao_exibido_ao_respondente
2023-2024,utiliza_chatgpt_ou_llms_no_trabalho_uso_solucoes_do_tipo_copilot,binaria_multiselect,28.7,grupo_nao_exibido_ao_respondente
2023-2024,tipos_de_uso_de_ai_generativa_e_llms_na_empresa_ai_generativa_e_llms_para_melhorar_produtos_externos_para_os_clientes_finais,binaria_multiselect,28.7,grupo_nao_exibido_ao_respondente
2023-2024,entre_as_linguagens_listadas_abaixo_qual_e_a_que_voce_mais_utiliza_no_trabalho,categorica_escolha_unica,28.7,condicional_ao_perfil
2023-2024,cloud_preferida,categorica_escolha_unica,28.7,condicional_ao_perfil
2023-2024,qual_sua_ferramenta_de_bi_preferida,categorica_escolha_unica,28.7,condicional_ao_perfil
2023-2024,cargo_atual,categorica_escolha_unica,27.1,condicional_ao_perfil
2023-2024,nivel,categorica_escolha_unica,27.1,condicional_ao_perfil
2023-2024,tipos_de_uso_de_ai_generativa_e_llms_na_empresa_ai_generativa_e_llms_para_melhorar_produtos_internos_para_os_colaboradores,binaria_multiselect,12.5,grupo_nao_exibido_ao_respondente
2023-2024,tipos_de_uso_de_ai_generativa_e_llms_na_empresa_desenvolvedores_utilizando_copilots,binaria_multiselect,12.5,grupo_nao_exibido_ao_respondente
2023-2024,tipos_de_uso_de_ai_generativa_e_llms_na_empresa_direcionamento_centralizado_do_uso_de_ai_generativa,binaria_multiselect,12.5,grupo_nao_exibido_ao_respondente
2023-2024,tipos_de_uso_de_ai_generativa_e_llms_na_empresa_nao_sei_opinar_sobre_o_uso_de_ia_generativa_e_llms_na_empresa,binaria_multiselect,12.5,grupo_nao_exibido_ao_respondente
2023-2024,tipos_de_uso_de_ai_generativa_e_llms_na_empresa_colaboradores_usando_ai_generativa_de_forma_independente_e_descentralizada,binaria_multiselect,12.5,grupo_nao_exibido_ao_respondente
2023-2024,tipos_de_uso_de_ai_generativa_e_llms_na_empresa_ia_generativa_e_llms_nao_e_prioridade,binaria_multiselect,12.5,grupo_nao_exibido_ao_respondente
2023-2024,tipos_de_uso_de_ai_generativa_e_llms_na_empresa_ia_generativa_e_llms_como_principal_frente_do_negocio,binaria_multiselect,12.5,grupo_nao_exibido_ao_respondente
2023-2024,quais_os_principais_criterios_que_voce_leva_em_consideracao_no_momento_de_decidir_onde_trabalhar_remuneracao_salario,binaria_multiselect,10.7,grupo_nao_exibido_ao_respondente
2023-2024,quais_os_principais_criterios_que_voce_leva_em_consideracao_no_momento_de_decidir_onde_trabalhar_beneficios,binaria_multiselect,10.7,grupo_nao_exibido_ao_respondente
2023-2024,quais_os_principais_criterios_que_voce_leva_em_consideracao_no_momento_de_decidir_onde_trabalhar_proposito_do_trabalho_e_da_empresa,binaria_multiselect,10.7,grupo_nao_exibido_ao_respondente
2023-2024,quais_os_principais_criterios_que_voce_leva_em_consideracao_no_momento_de_decidir_onde_trabalhar_flexibilidade_de_trabalho_remoto,binaria_multiselect,10.7,grupo_nao_exibido_ao_respondente
2023-2024,quais_os_principais_criterios_que_voce_leva_em_consideracao_no_momento_de_decidir_onde_trabalhar_ambiente_e_clima_de_trabalho,binaria_multiselect,10.7,grupo_nao_exibido_ao_respondente
2023-2024,quais_os_principais_criterios_que_voce_leva_em_consideracao_no_momento_de_decidir_onde_trabalhar_oportunidade_de_aprendizado_e_trabalhar_com_referencias_na_area,binaria_multiselect,10.7,grupo_nao_exibido_ao_respondente
2023-2024,quais_os_principais_criterios_que_voce_leva_em_consideracao_no_momento_de_decidir_onde_trabalhar_plano_de_carreira_e_oportunidades_de_crescimento_profissional,binaria_multiselect,10.7,grupo_nao_exibido_ao_respondente
2023-2024,quais_os_principais_criterios_que_voce_leva_em_consideracao_no_momento_de_decidir_onde_trabalhar_maturidade_da_empresa_em_termos_de_tecnologia_e_dados,binaria_multiselect,10.7,grupo_nao_exibido_ao_respondente
2023-2024,quais_os_principais_criterios_que_voce_leva_em_consideracao_no_momento_de_decidir_onde_trabalhar_qualidade_dos_gestores_e_lideres,binaria_multiselect,10.7,grupo_nao_exibido_ao_respondente
2023-2024,quais_os_principais_criterios_que_voce_leva_em_consideracao_no_momento_de_decidir_onde_trabalhar_reputacao_que_a_empresa_tem_no_mercado,binaria_multiselect,10.7,grupo_nao_exibido_ao_respondente
2023-2024,setor,categorica_escolha_unica,10.2,condicional_ao_perfil
2023-2024,numero_de_funcionarios,categorica_escolha_unica,10.2,condicional_ao_perfil
2023-2024,gestor,binaria_multiselect,10.2,grupo_nao_exibido_ao_respondente
2023-2024,faixa_salarial,categorica_escolha_unica,10.2,condicional_ao_perfil
2023-2024,quanto_tempo_de_experiencia_na_area_de_dados_voce_tem,categorica_escolha_unica,10.2,condicional_ao_perfil
2023-2024,quanto_tempo_de_experiencia_na_area_de_ti_engenharia_de_software_voce_teve_antes_de_comecar_a_trabalhar_na_area_de_dados,categorica_escolha_unica,10.2,condicional_ao_perfil
2023-2024,voce_esta_satisfeito_na_sua_empresa_atual,binaria_multiselect,10.2,grupo_nao_exibido_ao_respondente
2023-2024,voce_participou_de_entrevistas_de_emprego_nos_ultimos_6_meses,categorica_escolha_unica,10.2,condicional_ao_perfil
2023-2024,voce_pretende_mudar_de_emprego_nos_proximos_6_meses,categorica_escolha_unica,10.2,condicional_ao_perfil
2023-2024,empresa_que_trabaha_passou_por_layoff_em_2023,categorica_escolha_unica,10.2,condicional_ao_perfil
2023-2024,atualmente_qual_a_sua_forma_de_trabalho,categorica_escolha_unica,10.2,condicional_ao_perfil
2023-2024,qual_a_forma_de_trabalho_ideal_para_voce,categorica_escolha_unica,10.2,condicional_ao_perfil
2023-2024,caso_sua_empresa_decida_pelo_modelo_100%_presencial_qual_sera_sua_atitude,categorica_escolha_unica,10.2,condicional_ao_perfil
2023-2024,estado_onde_mora,categorica_escolha_unica,2.3,quase_universal
2023-2024,uf_onde_mora,categorica_escolha_unica,2.3,quase_universal
2023-2024,regiao_onde_mora,categorica_escolha_unica,2.3,quase_universal
2023-2024,mudou_de_estado,binaria_multiselect,2.3,grupo_nao_exibido_ao_respondente
2023-2024,area_de_formacao,categorica_escolha_unica,2.1,quase_universal
2023-2024,id,categorica_escolha_unica,0.0,quase_universal
2023-2024,idade,categorica_escolha_unica,0.0,quase_universal
2023-2024,faixa_idade,categorica_escolha_unica,0.0,quase_universal
2023-2024,genero,categorica_escolha_unica,0.0,quase_universal
2023-2024,cor_raca_etnia,categorica_escolha_unica,0.0,quase_universal
2023-2024,pcd,categorica_escolha_unica,0.0,quase_universal
2023-2024,vive_no_brasil,binaria_multiselect,0.0,grupo_nao_exibido_ao_respondente
2023-2024,nivel_de_ensino,categorica_escolha_unica,0.0,quase_universal
2023-2024,qual_sua_situacao_atual_de_trabalho,categorica_escolha_unica,0.0,quase_universal
2023-2024,atuacao,categorica_escolha_unica,0.0,quase_universal
2024-2025,pais_onde_mora,categorica_escolha_unica,97.3,condicional_ao_perfil
2024-2025,oportunidade_buscada,categorica_escolha_unica,94.5,condicional_ao_perfil
2024-2025,experiencia_em_processos_seletivos,categorica_escolha_unica,94.5,condicional_ao_perfil
2024-2025,tempo_em_busca_de_oportunidade,categorica_escolha_unica,94.4,condicional_ao_perfil
2024-2025,objetivo_na_area_de_dados,categorica_escolha_unica,89.6,condicional_ao_perfil
2024-2025,ferramentas_de_qualidade_de_dados_dia_a_dia,categorica_escolha_unica,89.3,condicional_ao_perfil
2024-2025,tecnologia_data_warehouse,categorica_escolha_unica,86.1,condicional_ao_perfil
2024-2025,tecnologia_data_lake,categorica_escolha_unica,85.9,condicional_ao_perfil
2024-2025,rotina_como_ds_estudos_ad-hoc_com_o_objetivo_de_confirmar_hipoteses_realizar_modelos_preditivos_forecasts_analise_de_cluster_para_resolver_problemas_pontuais_e_responder_perguntas_das_areas_de_negocio,binaria_multiselect,85.2,grupo_nao_exibido_ao_respondente
2024-2025,rotina_como_ds_sou_responsavel_pela_coleta_e_limpeza_dos_dados_que_uso_para_analise_e_modelagem,binaria_multiselect,85.2,grupo_nao_exibido_ao_respondente
2024-2025,rotina_como_ds_sou_responsavel_por_entrar_em_contato_com_os_times_de_negocio_para_definicao_do_problema_identificar_a_solucao_e_apresentacao_de_resultados,binaria_multiselect,85.2,grupo_nao_exibido_ao_respondente
2024-2025,rotina_como_ds_desenvolvo_modelos_de_machine_learning_com_o_objetivo_de_colocar_em_producao_em_sistemas_produtos_de_dados,binaria_multiselect,85.2,grupo_nao_exibido_ao_respondente
2024-2025,rotina_como_ds_sou_responsavel_por_colocar_modelos_em_producao_criar_os_pipelines_de_dados_apis_de_consumo_e_monitoramento,binaria_multiselect,85.2,grupo_nao_exibido_ao_respondente
2024-2025,rotina_como_ds_cuido_da_manutencao_de_modelos_de_machine_learning_ja_em_producao_atuando_no_monitoramento_ajustes_e_refatoracao_quando_necessario,binaria_multiselect,85.2,grupo_nao_exibido_ao_respondente
2024-2025,rotina_como_ds_realizo_construcoes_de_dashboards_em_ferramentas_de_bi_como_powerbi_tableau_looker_qlik_etc,binaria_multiselect,85.2,grupo_nao_exibido_ao_respondente
2024-2025,rotina_como_ds_utilizo_ferramentas_avancadas_de_estatistica_como_sas_spss_stata_etc_para_realizar_analises,binaria_multiselect,85.2,grupo_nao_exibido_ao_respondente
2024-2025,rotina_como_ds_crio_e_dou_manutencao_em_etls_dags_e_automacoes_de_pipelines_de_dados,binaria_multiselect,85.2,grupo_nao_exibido_ao_respondente
2024-2025,rotina_como_ds_crio_e_gerencio_solucoes_de_feature_store_e_cultura_de_mlops,binaria_multiselect,85.2,grupo_nao_exibido_ao_respondente
2024-2025,rotina_como_ds_sou_responsavel_por_criar_e_manter_a_infra_que_meus_modelos_e_solucoes_rodam_clusters_servidores_api_containers_etc,binaria_multiselect,85.2,grupo_nao_exibido_ao_respondente
2024-2025,rotina_como_ds_treino_e_aplico_llm's_para_solucionar_problemas_de_negocio,binaria_multiselect,85.2,grupo_nao_exibido_ao_respondente
2024-2025,tecnicas_e_metodos_ds_utilizo_modelos_de_regressao_linear_logistica_glm,binaria_multiselect,85.2,grupo_nao_exibido_ao_respondente
2024-2025,tecnicas_e_metodos_ds_utilizo_redes_neurais_ou_modelos_baseados_em_arvore_para_criar_modelos_de_classificacao,binaria_multiselect,85.2,grupo_nao_exibido_ao_respondente
2024-2025,tecnicas_e_metodos_ds_desenvolvo_sistemas_de_recomendacao_recsys,binaria_multiselect,85.2,grupo_nao_exibido_ao_respondente
2024-2025,tecnicas_e_metodos_ds_utilizo_metodos_estatisticos_bayesianos_para_analisar_dados,binaria_multiselect,85.2,grupo_nao_exibido_ao_respondente
2024-2025,tecnicas_e_metodos_ds_utilizo_tecnicas_de_nlp_natural_language_processing_para_analisar_dados_nao-estruturados,binaria_multiselect,85.2,grupo_nao_exibido_ao_respondente
2024-2025,tecnicas_e_metodos_ds_utilizo_metodos_estatisticos_classicos_testes_de_hipotese_analise_multivariada_sobrevivencia_dados_longitudinais_inferencia_estatistica_para_analisar_dados,binaria_multiselect,85.2,grupo_nao_exibido_ao_respondente
2024-2025,tecnicas_e_metodos_ds_utilizo_cadeias_de_markov_ou_hmm\s_para_realizar_analises_de_dados,binaria_multiselect,85.2,grupo_nao_exibido_ao_respondente
2024-2025,tecnicas_e_metodos_ds_desenvolvo_tecnicas_de_clusterizacao_k-means_spectral_dbscan_etc,binaria_multiselect,85.2,grupo_nao_exibido_ao_respondente
2024-2025,tecnicas_e_metodos_ds_realizo_previsoes_atraves_de_modelos_de_series_temporais_time_series,binaria_multiselect,85.2,grupo_nao_exibido_ao_respondente
2024-2025,tecnicas_e_metodos_ds_utilizo_modelos_de_reinforcement_learning_aprendizado_por_reforco,binaria_multiselect,85.2,grupo_nao_exibido_ao_respondente
2024-2025,tecnicas_e_metodos_ds_utilizo_modelos_de_machine_learning_para_deteccao_de_fraude,binaria_multiselect,85.2,grupo_nao_exibido_ao_respondente
2024-2025,tecnicas_e_metodos_ds_utilizo_metodos_de_visao_computacional,binaria_multiselect,85.2,grupo_nao_exibido_ao_respondente
2024-2025,tecnicas_e_metodos_ds_utilizo_modelos_de_deteccao_de_churn,binaria_multiselect,85.2,grupo_nao_exibido_ao_respondente
2024-2025,tecnicas_e_metodos_ds_utilizo_llm's_para_solucionar_problemas_de_negocio,binaria_multiselect,85.2,grupo_nao_exibido_ao_respondente
2024-2025,tecnologias_ds_ferramentas_de_bi_powerbi_looker_tableau_qlik_etc,binaria_multiselect,85.2,grupo_nao_exibido_ao_respondente
2024-2025,tecnologias_ds_planilhas_excel_google_sheets_etc,binaria_multiselect,85.2,grupo_nao_exibido_ao_respondente
2024-2025,tecnologias_ds_ambientes_de_desenvolvimento_local_r-studio_jupyterlab_anaconda,binaria_multiselect,85.2,grupo_nao_exibido_ao_respondente
2024-2025,tecnologias_ds_ambientes_de_desenvolvimento_na_nuvem_google_colab_aws_sagemaker_kaggle_notebooks_etc,binaria_multiselect,85.2,grupo_nao_exibido_ao_respondente
2024-2025,tecnologias_ds_ferramentas_de_automl_datarobot_h2o_auto-keras_etc,binaria_multiselect,85.2,grupo_nao_exibido_ao_respondente
2024-2025,tecnologias_ds_ferramentas_de_etl_apache_airflow_nifi_stitch_fivetran_pentaho_etc,binaria_multiselect,85.2,grupo_nao_exibido_ao_respondente
2024-2025,tecnologias_ds_plataformas_de_machine_learning_tensorflow_azure_machine_learning_kubeflow_etc,binaria_multiselect,85.2,grupo_nao_exibido_ao_respondente
2024-2025,tecnologias_ds_feature_store_feast_hopsworks_aws_feature_store_databricks_feature_store_etc,binaria_multiselect,85.2,grupo_nao_exibido_ao_respondente
2024-2025,tecnologias_ds_sistemas_de_controle_de_versao_github_dvc_neptune_gitlab_etc,binaria_multiselect,85.2,grupo_nao_exibido_ao_respondente
2024-2025,tecnologias_ds_plataformas_de_data_apps_streamlit_shiny_plotly_dash_etc,binaria_multiselect,85.2,grupo_nao_exibido_ao_respondente
2024-2025,tecnologias_ds_ferramentas_de_estatistica_avancada_como_spss_sas_etc,binaria_multiselect,85.2,grupo_nao_exibido_ao_respondente
2024-2025,maior_tempo_gasto_como_ds_estudos_ad-hoc_com_o_objetivo_de_confirmar_hipoteses_realizar_modelos_preditivos_forecasts_analise_de_cluster_para_resolver_problemas_pontuais_e_responder_perguntas_das_areas_de_negocio,binaria_multiselect,85.2,grupo_nao_exibido_ao_respondente
2024-2025,maior_tempo_gasto_como_ds_coletando_e_limpando_dos_dados_que_uso_para_analise_e_modelagem,binaria_multiselect,85.2,grupo_nao_exibido_ao_respondente
2024-2025,maior_tempo_gasto_como_ds_entrando_em_contato_com_os_times_de_negocio_para_definicao_do_problema_identificar_a_solucao_e_apresentacao_de_resultados,binaria_multiselect,85.2,grupo_nao_exibido_ao_respondente
2024-2025,maior_tempo_gasto_como_ds_desenvolvendo_modelos_de_machine_learning_com_o_objetivo_de_colocar_em_producao_em_sistemas_produtos_de_dados,binaria_multiselect,85.2,grupo_nao_exibido_ao_respondente
2024-2025,maior_tempo_gasto_como_ds_colocando_modelos_em_producao_criando_os_pipelines_de_dados_apis_de_consumo_e_monitoramento,binaria_multiselect,85.2,grupo_nao_exibido_ao_respondente
2024-2025,maior_tempo_gasto_como_ds_cuidando_da_manutencao_de_modelos_de_machine_learning_ja_em_producao_atuando_no_monitoramento_ajustes_e_refatoracao_quando_necessario,binaria_multiselect,85.2,grupo_nao_exibido_ao_respondente
2024-2025,maior_tempo_gasto_como_ds_realizando_construcoes_de_dashboards_em_ferramentas_de_bi_como_powerbi_tableau_looker_qlik_etc,binaria_multiselect,85.2,grupo_nao_exibido_ao_respondente
2024-2025,maior_tempo_gasto_como_ds_utilizando_ferramentas_avancadas_de_estatistica_como_sas_spss_stata_etc_para_realizar_analises,binaria_multiselect,85.2,grupo_nao_exibido_ao_respondente
2024-2025,maior_tempo_gasto_como_ds_criando_e_dando_manutencao_em_etls_dags_e_automacoes_de_pipelines_de_dados,binaria_multiselect,85.2,grupo_nao_exibido_ao_respondente
2024-2025,maior_tempo_gasto_como_ds_criando_e_gerenciando_solucoes_de_feature_store_e_cultura_de_mlops,binaria_multiselect,85.2,grupo_nao_exibido_ao_respondente
2024-2025,maior_tempo_gasto_como_ds_criando_e_mantendo_a_infra_que_meus_modelos_e_solucoes_rodam_clusters_servidores_api_containers_etc,binaria_multiselect,85.2,grupo_nao_exibido_ao_respondente
2024-2025,maior_tempo_gasto_como_ds_treinando_e_aplicando_llm's_para_solucionar_problemas_de_negocio,binaria_multiselect,85.2,grupo_nao_exibido_ao_respondente
2024-2025,possui_data_warehouse,categorica_escolha_unica,82.4,condicional_ao_perfil
2024-2025,possui_data_lake,categorica_escolha_unica,82.3,condicional_ao_perfil
2024-2025,rotina_como_de_desenvolvo_pipelines_de_dados_utilizando_linguagens_de_programacao_como_python_scala_java_etc,binaria_multiselect,82.2,grupo_nao_exibido_ao_respondente
2024-2025,rotina_como_de_realizo_construcoes_de_etl's_em_ferramentas_como_pentaho_talend_dataflow_etc,binaria_multiselect,82.2,grupo_nao_exibido_ao_respondente
2024-2025,rotina_como_de_crio_consultas_atraves_da_linguagem_sql_para_exportar_informacoes_e_compartilhar_com_as_areas_de_negocio,binaria_multiselect,82.2,grupo_nao_exibido_ao_respondente
2024-2025,rotina_como_de_atuo_na_integracao_de_diferentes_fontes_de_dados_atraves_de_plataformas_proprietarias_como_stitch_data_fivetran_etc,binaria_multiselect,82.2,grupo_nao_exibido_ao_respondente
2024-2025,rotina_como_de_modelo_solucoes_de_arquitetura_de_dados_criando_componentes_de_ingestao_de_dados_transformacao_e_recuperacao_da_informacao,binaria_multiselect,82.2,grupo_nao_exibido_ao_respondente
2024-2025,rotina_como_de_desenvolvo_cuido_da_manutencao_de_repositorios_de_dados_baseados_em_streaming_de_eventos_como_data_lakes_e_data_lakehouses,binaria_multiselect,82.2,grupo_nao_exibido_ao_respondente
2024-2025,rotina_como_de_atuo_na_modelagem_dos_dados_com_o_objetivo_de_criar_conjuntos_de_dados_como_data_warehouses_data_marts_datasets_etc,binaria_multiselect,82.2,grupo_nao_exibido_ao_respondente
2024-2025,rotina_como_de_cuido_da_qualidade_dos_dados_metadados_e_dicionario_de_dados,binaria_multiselect,82.2,grupo_nao_exibido_ao_respondente
2024-2025,rotina_como_de_nenhuma_das_opcoes_listadas_refletem_meu_dia_a_dia,binaria_multiselect,82.2,grupo_nao_exibido_ao_respondente
2024-2025,ferramentas_etl_de_scripts_python,binaria_multiselect,82.2,grupo_nao_exibido_ao_respondente
2024-2025,ferramentas_etl_de_sql_&_stored_procedures,binaria_multiselect,82.2,grupo_nao_exibido_ao_respondente
2024-2025,ferramentas_etl_de_apache_airflow,binaria_multiselect,82.2,grupo_nao_exibido_ao_respondente
2024-2025,ferramentas_etl_de_apache_nifi,binaria_multiselect,82.2,grupo_nao_exibido_ao_respondente
2024-2025,ferramentas_etl_de_luigi,binaria_multiselect,82.2,grupo_nao_exibido_ao_respondente
2024-2025,ferramentas_etl_de_aws_glue,binaria_multiselect,82.2,grupo_nao_exibido_ao_respondente
2024-2025,ferramentas_etl_de_talend,binaria_multiselect,82.2,grupo_nao_exibido_ao_respondente
2024-2025,ferramentas_etl_de_pentaho,binaria_multiselect,82.2,grupo_nao_exibido_ao_respondente
2024-2025,ferramentas_etl_de_alteryx,binaria_multiselect,82.2,grupo_nao_exibido_ao_respondente
2024-2025,ferramentas_etl_de_stitch,binaria_multiselect,82.2,grupo_nao_exibido_ao_respondente
2024-2025,ferramentas_etl_de_fivetran,binaria_multiselect,82.2,grupo_nao_exibido_ao_respondente
2024-2025,ferramentas_etl_de_google_dataflow,binaria_multiselect,82.2,grupo_nao_exibido_ao_respondente
2024-2025,ferramentas_etl_de_oracle_data_integrator,binaria_multiselect,82.2,grupo_nao_exibido_ao_respondente
2024-2025,ferramentas_etl_de_ibm_datastage,binaria_multiselect,82.2,grupo_nao_exibido_ao_respondente
2024-2025,ferramentas_etl_de_sap_bw_etl,binaria_multiselect,82.2,grupo_nao_exibido_ao_respondente
2024-2025,ferramentas_etl_de_sql_server_integration_services_ssis,binaria_multiselect,82.2,grupo_nao_exibido_ao_respondente
2024-2025,ferramentas_etl_de_sas_data_integration,binaria_multiselect,82.2,grupo_nao_exibido_ao_respondente
2024-2025,ferramentas_etl_de_qlik_sense,binaria_multiselect,82.2,grupo_nao_exibido_ao_respondente
2024-2025,ferramentas_etl_de_knime,binaria_multiselect,82.2,grupo_nao_exibido_ao_respondente
2024-2025,ferramentas_etl_de_databricks,binaria_multiselect,82.2,grupo_nao_exibido_ao_respondente
2024-2025,ferramentas_etl_de_nao_utilizo_ferramentas_de_etl,binaria_multiselect,82.2,grupo_nao_exibido_ao_respondente
2024-2025,maior_tempo_gasto_como_de_desenvolvendo_pipelines_de_dados_utilizando_linguagens_de_programacao_como_python_scala_java_etc,binaria_multiselect,82.2,grupo_nao_exibido_ao_respondente
2024-2025,maior_tempo_gasto_como_de_realizando_construcoes_de_etl\s_em_ferramentas_como_pentaho_talend_dataflow_etc,binaria_multiselect,82.2,grupo_nao_exibido_ao_respondente
2024-2025,maior_tempo_gasto_como_de_criando_consultas_atraves_da_linguagem_sql_para_exportar_informacoes_e_compartilhar_com_as_areas_de_negocio,binaria_multiselect,82.2,grupo_nao_exibido_ao_respondente
2024-2025,maior_tempo_gasto_como_de_atuando_na_integracao_de_diferentes_fontes_de_dados_atraves_de_plataformas_proprietarias_como_stitch_data_fivetran_etc,binaria_multiselect,82.2,grupo_nao_exibido_ao_respondente
2024-2025,maior_tempo_gasto_como_de_modelando_solucoes_de_arquitetura_de_dados_criando_componentes_de_ingestao_de_dados_transformacao_e_recuperacao_da_informacao,binaria_multiselect,82.2,grupo_nao_exibido_ao_respondente
2024-2025,maior_tempo_gasto_como_de_desenvolvendo_cuidando_da_manutencao_de_repositorios_de_dados_baseados_em_streaming_de_eventos_como_data_lakes_e_data_lakehouses,binaria_multiselect,82.2,grupo_nao_exibido_ao_respondente
2024-2025,maior_tempo_gasto_como_de_atuando_na_modelagem_dos_dados_com_o_objetivo_de_criar_conjuntos_de_dados_como_data_warehouses_data_marts_datasets_etc,binaria_multiselect,82.2,grupo_nao_exibido_ao_respondente
2024-2025,maior_tempo_gasto_como_de_cuidando_da_qualidade_dos_dados_metadados_e_dicionario_de_dados,binaria_multiselect,82.2,grupo_nao_exibido_ao_respondente
2024-2025,maior_tempo_gasto_como_de_nenhuma_das_opcoes_listadas_refletem_meu_dia_a_dia,binaria_multiselect,82.2,grupo_nao_exibido_ao_respondente
2024-2025,uf_de_origem,categorica_escolha_unica,81.7,condicional_ao_perfil
2024-2025,regiao_de_origem,categorica_escolha_unica,81.7,condicional_ao_perfil
2024-2025,motivos_para_nao_usar_ai_generativa_e_llm_falta_de_compreensao_dos_casos_de_uso,binaria_multiselect,81.3,grupo_nao_exibido_ao_respondente
2024-2025,motivos_para_nao_usar_ai_generativa_e_llm_falta_de_confiabilidade_das_saidas_alucinacao_dos_modelos,binaria_multiselect,81.3,grupo_nao_exibido_ao_respondente
2024-2025,motivos_para_nao_usar_ai_generativa_e_llm_incerteza_em_relacao_a_regulamentacao,binaria_multiselect,81.3,grupo_nao_exibido_ao_respondente
2024-2025,motivos_para_nao_usar_ai_generativa_e_llm_preocupacoes_com_seguranca_e_privacidade_de_dados,binaria_multiselect,81.3,grupo_nao_exibido_ao_respondente
2024-2025,motivos_para_nao_usar_ai_generativa_e_llm_retorno_sobre_investimento_roi_nao_comprovado_de_ia_generativa,binaria_multiselect,81.3,grupo_nao_exibido_ao_respondente
2024-2025,motivos_para_nao_usar_ai_generativa_e_llm_dados_da_empresa_nao_estao_prontos_para_uso_de_ia_generativa,binaria_multiselect,81.3,grupo_nao_exibido_ao_respondente
2024-2025,motivos_para_nao_usar_ai_generativa_e_llm_falta_de_expertise_ou_falta_de_recursos,binaria_multiselect,81.3,grupo_nao_exibido_ao_respondente
2024-2025,motivos_para_nao_usar_ai_generativa_e_llm_alta_direcao_da_empresa_nao_ve_valor_ou_nao_ve_como_prioridade,binaria_multiselect,81.3,grupo_nao_exibido_ao_respondente
2024-2025,motivos_para_nao_usar_ai_generativa_e_llm_preocupacoes_com_propriedade_intelectual,binaria_multiselect,81.3,grupo_nao_exibido_ao_respondente
2024-2025,estado_de_origem,categorica_escolha_unica,81.3,condicional_ao_perfil
2024-2025,cargos_no_time_de_dados_da_empresa_analytics_engineer,binaria_multiselect,80.5,grupo_nao_exibido_ao_respondente
2024-2025,cargos_no_time_de_dados_da_empresa_engenharia_de_dados_data_engineer,binaria_multiselect,80.5,grupo_nao_exibido_ao_respondente
2024-2025,cargos_no_time_de_dados_da_empresa_analista_de_dados_data_analyst,binaria_multiselect,80.5,grupo_nao_exibido_ao_respondente
2024-2025,cargos_no_time_de_dados_da_empresa_cientista_de_dados_data_scientist,binaria_multiselect,80.5,grupo_nao_exibido_ao_respondente
2024-2025,cargos_no_time_de_dados_da_empresa_database_administrator_dba,binaria_multiselect,80.5,grupo_nao_exibido_ao_respondente
2024-2025,cargos_no_time_de_dados_da_empresa_analista_de_business_intelligence_bi,binaria_multiselect,80.5,grupo_nao_exibido_ao_respondente
2024-2025,cargos_no_time_de_dados_da_empresa_arquiteto_de_dados_data_architect,binaria_multiselect,80.5,grupo_nao_exibido_ao_respondente
2024-2025,cargos_no_time_de_dados_da_empresa_data_product_manager_dpm,binaria_multiselect,80.5,grupo_nao_exibido_ao_respondente
2024-2025,cargos_no_time_de_dados_da_empresa_business_analyst,binaria_multiselect,80.5,grupo_nao_exibido_ao_respondente
2024-2025,cargos_no_time_de_dados_da_empresa_ml_engineer_ai_engineer,binaria_multiselect,80.5,grupo_nao_exibido_ao_respondente
2024-2025,responsabilidades_como_gestor_pensar_na_visao_de_longo_prazo_de_dados,binaria_multiselect,80.0,grupo_nao_exibido_ao_respondente
2024-2025,responsabilidades_como_gestor_organizacao_de_treinamentos_e_iniciativas,binaria_multiselect,80.0,grupo_nao_exibido_ao_respondente
2024-2025,responsabilidades_como_gestor_atracao_selecao_e_contratacao,binaria_multiselect,80.0,grupo_nao_exibido_ao_respondente
2024-2025,responsabilidades_como_gestor_decisao_sobre_contratacao_de_ferramentas,binaria_multiselect,80.0,grupo_nao_exibido_ao_respondente
2024-2025,responsabilidades_como_gestor_gestor_da_equipe_de_engenharia_de_dados,binaria_multiselect,80.0,grupo_nao_exibido_ao_respondente
2024-2025,responsabilidades_como_gestor_gestor_da_equipe_de_estudos_relatorios,binaria_multiselect,80.0,grupo_nao_exibido_ao_respondente
2024-2025,responsabilidades_como_gestor_gestor_da_equipe_de_inteligencia_artificial_e_machine_learning,binaria_multiselect,80.0,grupo_nao_exibido_ao_respondente
2024-2025,responsabilidades_como_gestor_apesar_de_ser_gestor_ainda_atuo_na_parte_tecnica,binaria_multiselect,80.0,grupo_nao_exibido_ao_respondente
2024-2025,responsabilidades_como_gestor_gestao_de_projetos_de_dados,binaria_multiselect,80.0,grupo_nao_exibido_ao_respondente
2024-2025,responsabilidades_como_gestor_gestao_de_produtos_de_dados,binaria_multiselect,80.0,grupo_nao_exibido_ao_respondente
2024-2025,responsabilidades_como_gestor_gestao_de_pessoas,binaria_multiselect,80.0,grupo_nao_exibido_ao_respondente
2024-2025,desafios_como_gestor_contratar_talentos,binaria_multiselect,80.0,grupo_nao_exibido_ao_respondente
2024-2025,desafios_como_gestor_reter_talentos,binaria_multiselect,80.0,grupo_nao_exibido_ao_respondente
2024-2025,desafios_como_gestor_convencer_a_empresa_a_aumentar_investimentos,binaria_multiselect,80.0,grupo_nao_exibido_ao_respondente
2024-2025,desafios_como_gestor_gestao_de_equipes_no_ambiente_remoto,binaria_multiselect,80.0,grupo_nao_exibido_ao_respondente
2024-2025,desafios_como_gestor_gestao_de_projetos_envolvendo_areas_multidisciplinares,binaria_multiselect,80.0,grupo_nao_exibido_ao_respondente
2024-2025,desafios_como_gestor_organizar_as_informacoes_com_qualidade_e_confiabilidade,binaria_multiselect,80.0,grupo_nao_exibido_ao_respondente
2024-2025,desafios_como_gestor_processar_e_armazenar_um_alto_volume_de_dados,binaria_multiselect,80.0,grupo_nao_exibido_ao_respondente
2024-2025,desafios_como_gestor_gerar_valor_para_as_areas_de_negocios,binaria_multiselect,80.0,grupo_nao_exibido_ao_respondente
2024-2025,desafios_como_gestor_desenvolver_e_manter_modelos_machine_learning_em_producao,binaria_multiselect,80.0,grupo_nao_exibido_ao_respondente
2024-2025,desafios_como_gestor_gerenciar_a_expectativa_das_areas,binaria_multiselect,80.0,grupo_nao_exibido_ao_respondente
2024-2025,desafios_como_gestor_garantir_a_manutencao_dos_projetos_e_modelos_em_producao,binaria_multiselect,80.0,grupo_nao_exibido_ao_respondente
2024-2025,desafios_como_gestor_conseguir_levar_inovacao_para_a_empresa,binaria_multiselect,80.0,grupo_nao_exibido_ao_respondente
2024-2025,desafios_como_gestor_garantir_roi_em_projetos_de_dados,binaria_multiselect,80.0,grupo_nao_exibido_ao_respondente
2024-2025,desafios_como_gestor_dividir_o_tempo_entre_entregas_tecnicas_e_gestao,binaria_multiselect,80.0,grupo_nao_exibido_ao_respondente
2024-2025,cargo_como_gestor,categorica_escolha_unica,80.0,condicional_ao_perfil
2024-2025,numero_de_pessoas_em_dados,categorica_escolha_unica,80.0,condicional_ao_perfil
2024-2025,ai_generativa_e_llm_e_uma_prioridade,categorica_escolha_unica,80.0,condicional_ao_perfil
2024-2025,aspectos_prejudicados_quantidade_de_oportunidades_de_emprego_vagas_recebidas,binaria_multiselect,75.3,grupo_nao_exibido_ao_respondente
2024-2025,aspectos_prejudicados_senioridade_das_vagas_recebidas_em_relacao_a_sua_experiencia,binaria_multiselect,75.3,grupo_nao_exibido_ao_respondente
2024-2025,aspectos_prejudicados_aprovacao_em_processos_seletivos_entrevistas,binaria_multiselect,75.3,grupo_nao_exibido_ao_respondente
2024-2025,aspectos_prejudicados_oportunidades_de_progressao_de_carreira,binaria_multiselect,75.3,grupo_nao_exibido_ao_respondente
2024-2025,aspectos_prejudicados_velocidade_de_progressao_de_carreira,binaria_multiselect,75.3,grupo_nao_exibido_ao_respondente
2024-2025,aspectos_prejudicados_nivel_de_cobranca_no_trabalho_stress_no_trabalho,binaria_multiselect,75.3,grupo_nao_exibido_ao_respondente
2024-2025,aspectos_prejudicados_atencao_dada_pelas_pessoas_diante_das_minhas_opinioes_e_ideias,binaria_multiselect,75.3,grupo_nao_exibido_ao_respondente
2024-2025,aspectos_prejudicados_relacao_com_outras_pessoas_da_empresa_em_momentos_de_trabalho,binaria_multiselect,75.3,grupo_nao_exibido_ao_respondente
2024-2025,aspectos_prejudicados_relacao_com_outras_pessoas_da_empresa_em_momentos_de_integracao_e_outros_momentos_fora_do_trabalho,binaria_multiselect,75.3,grupo_nao_exibido_ao_respondente
2024-2025,motivo_insatisfacao_remuneracao_salario,binaria_multiselect,70.7,grupo_nao_exibido_ao_respondente
2024-2025,motivo_insatisfacao_beneficios,binaria_multiselect,70.7,grupo_nao_exibido_ao_respondente
2024-2025,motivo_insatisfacao_proposito_do_trabalho_e_da_empresa,binaria_multiselect,70.7,grupo_nao_exibido_ao_respondente
2024-2025,motivo_insatisfacao_flexibilidade_de_trabalho_remoto,binaria_multiselect,70.7,grupo_nao_exibido_ao_respondente
2024-2025,motivo_insatisfacao_ambiente_e_clima_de_trabalho,binaria_multiselect,70.7,grupo_nao_exibido_ao_respondente
2024-2025,motivo_insatisfacao_oportunidade_de_aprendizado_e_trabalhar_com_referencias,binaria_multiselect,70.7,grupo_nao_exibido_ao_respondente
2024-2025,motivo_insatisfacao_oportunidades_de_crescimento,binaria_multiselect,70.7,grupo_nao_exibido_ao_respondente
2024-2025,motivo_insatisfacao_maturidade_da_empresa_em_termos_de_tecnologia_e_dados,binaria_multiselect,70.7,grupo_nao_exibido_ao_respondente
2024-2025,motivo_insatisfacao_relacao_com_os_gestores_e_lideres,binaria_multiselect,70.7,grupo_nao_exibido_ao_respondente
2024-2025,motivo_insatisfacao_reputacao_que_a_empresa_tem_no_mercado,binaria_multiselect,70.7,grupo_nao_exibido_ao_respondente
2024-2025,motivo_insatisfacao_gostaria_de_trabalhar_em_outra_area,binaria_multiselect,70.7,grupo_nao_exibido_ao_respondente
2024-2025,rotina_como_da_processo_e_analiso_dados_utilizando_linguagens_de_programacao_como_python_r_etc,binaria_multiselect,68.0,grupo_nao_exibido_ao_respondente
2024-2025,rotina_como_da_realizo_construcoes_de_dashboards_em_ferramentas_de_bi_como_powerbi_tableau_looker_qlik_etc,binaria_multiselect,68.0,grupo_nao_exibido_ao_respondente
2024-2025,rotina_como_da_crio_consultas_atraves_da_linguagem_sql_para_exportar_informacoes_e_compartilhar_com_as_areas_de_negocio,binaria_multiselect,68.0,grupo_nao_exibido_ao_respondente
2024-2025,rotina_como_da_utilizo_api\s_para_extrair_dados_e_complementar_minhas_analises,binaria_multiselect,68.0,grupo_nao_exibido_ao_respondente
2024-2025,rotina_como_da_realizo_experimentos_e_estudos_utilizando_metodologias_estatisticas_como_teste_de_hipotese_modelos_de_regressao_etc,binaria_multiselect,68.0,grupo_nao_exibido_ao_respondente
2024-2025,rotina_como_da_desenvolvo_cuido_da_manutencao_de_etl\s_utilizando_tecnologias_como_talend_pentaho_airflow_dataflow_etc,binaria_multiselect,68.0,grupo_nao_exibido_ao_respondente
2024-2025,rotina_como_da_atuo_na_modelagem_dos_dados_com_o_objetivo_de_criar_conjuntos_de_dados_como_data_warehouses_data_marts_etc,binaria_multiselect,68.0,grupo_nao_exibido_ao_respondente
2024-2025,rotina_como_da_desenvolvo_cuido_da_manutencao_de_planilhas_para_atender_as_areas_de_negocio,binaria_multiselect,68.0,grupo_nao_exibido_ao_respondente
2024-2025,rotina_como_da_utilizo_ferramentas_avancadas_de_estatistica_como_sas_spss_stata_etc_para_realizar_analises_de_dados,binaria_multiselect,68.0,grupo_nao_exibido_ao_respondente
2024-2025,rotina_como_da_nenhuma_das_opcoes_listadas_refletem_meu_dia_a_dia,binaria_multiselect,68.0,grupo_nao_exibido_ao_respondente
2024-2025,ferramentas_etl_da_scripts_python,binaria_multiselect,68.0,grupo_nao_exibido_ao_respondente
2024-2025,ferramentas_etl_da_sql_&_stored_procedures,binaria_multiselect,68.0,grupo_nao_exibido_ao_respondente
2024-2025,ferramentas_etl_da_apache_airflow,binaria_multiselect,68.0,grupo_nao_exibido_ao_respondente
2024-2025,ferramentas_etl_da_apache_nifi,binaria_multiselect,68.0,grupo_nao_exibido_ao_respondente
2024-2025,ferramentas_etl_da_luigi,binaria_multiselect,68.0,grupo_nao_exibido_ao_respondente
2024-2025,ferramentas_etl_da_aws_glue,binaria_multiselect,68.0,grupo_nao_exibido_ao_respondente
2024-2025,ferramentas_etl_da_talend,binaria_multiselect,68.0,grupo_nao_exibido_ao_respondente
2024-2025,ferramentas_etl_da_pentaho,binaria_multiselect,68.0,grupo_nao_exibido_ao_respondente
2024-2025,ferramentas_etl_da_alteryx,binaria_multiselect,68.0,grupo_nao_exibido_ao_respondente
2024-2025,ferramentas_etl_da_stitch,binaria_multiselect,68.0,grupo_nao_exibido_ao_respondente
2024-2025,ferramentas_etl_da_fivetran,binaria_multiselect,68.0,grupo_nao_exibido_ao_respondente
2024-2025,ferramentas_etl_da_google_dataflow,binaria_multiselect,68.0,grupo_nao_exibido_ao_respondente
2024-2025,ferramentas_etl_da_oracle_data_integrator,binaria_multiselect,68.0,grupo_nao_exibido_ao_respondente
2024-2025,ferramentas_etl_da_ibm_datastage,binaria_multiselect,68.0,grupo_nao_exibido_ao_respondente
2024-2025,ferramentas_etl_da_sap_bw_etl,binaria_multiselect,68.0,grupo_nao_exibido_ao_respondente
2024-2025,ferramentas_etl_da_sql_server_integration_services_ssis,binaria_multiselect,68.0,grupo_nao_exibido_ao_respondente
2024-2025,ferramentas_etl_da_sas_data_integration,binaria_multiselect,68.0,grupo_nao_exibido_ao_respondente
2024-2025,ferramentas_etl_da_qlik_sense,binaria_multiselect,68.0,grupo_nao_exibido_ao_respondente
2024-2025,ferramentas_etl_da_knime,binaria_multiselect,68.0,grupo_nao_exibido_ao_respondente
2024-2025,ferramentas_etl_da_databricks,binaria_multiselect,68.0,grupo_nao_exibido_ao_respondente
2024-2025,ferramentas_etl_da_nao_utilizo_ferramentas_de_etl,binaria_multiselect,68.0,grupo_nao_exibido_ao_respondente
2024-2025,ferramentas_autonomia_area_de_negocios_ferramentas_de_automl_como_h2oai_data_robot_bigml_etc,binaria_multiselect,68.0,grupo_nao_exibido_ao_respondente
2024-2025,"ferramentas_autonomia_area_de_negocios_""point_and_click""_analytics_como_alteryx_knime_rapidminer_etc",binaria_multiselect,68.0,grupo_nao_exibido_ao_respondente
2024-2025,ferramentas_autonomia_area_de_negocios_product_metricts_&_insights_como_mixpanel_amplitude_adobe_analytics,binaria_multiselect,68.0,grupo_nao_exibido_ao_respondente
2024-2025,ferramentas_autonomia_area_de_negocios_ferramentas_de_analise_dentro_de_ferramentas_de_crm_como_salesforce_einstein_anaytics_ou_zendesk_dashboards,binaria_multiselect,68.0,grupo_nao_exibido_ao_respondente
2024-2025,ferramentas_autonomia_area_de_negocios_minha_empresa_nao_utiliza_essas_ferramentas,binaria_multiselect,68.0,grupo_nao_exibido_ao_respondente
2024-2025,ferramentas_autonomia_area_de_negocios_nao_sei_informar,binaria_multiselect,68.0,grupo_nao_exibido_ao_respondente
2024-2025,maior_tempo_gasto_como_da_processando_e_analisando_dados_utilizando_linguagens_de_programacao_como_python_r_etc,binaria_multiselect,68.0,grupo_nao_exibido_ao_respondente
2024-2025,maior_tempo_gasto_como_da_realizando_construcoes_de_dashboards_em_ferramentas_de_bi_como_powerbi_tableau_looker_qlik_etc,binaria_multiselect,68.0,grupo_nao_exibido_ao_respondente
2024-2025,maior_tempo_gasto_como_da_criando_consultas_atraves_da_linguagem_sql_para_exportar_informacoes_e_compartilhar_com_as_areas_de_negocio,binaria_multiselect,68.0,grupo_nao_exibido_ao_respondente
2024-2025,maior_tempo_gasto_como_da_utilizando_api's_para_extrair_dados_e_complementar_minhas_analises,binaria_multiselect,68.0,grupo_nao_exibido_ao_respondente
2024-2025,maior_tempo_gasto_como_da_realizando_experimentos_e_estudos_utilizando_metodologias_estatisticas_como_teste_de_hipotese_modelos_de_regressao_etc,binaria_multiselect,68.0,grupo_nao_exibido_ao_respondente
2024-2025,maior_tempo_gasto_como_da_desenvolvendo_cuidando_da_manutencao_de_etl's_utilizando_tecnologias_como_talend_pentaho_airflow_dataflow_etc,binaria_multiselect,68.0,grupo_nao_exibido_ao_respondente
2024-2025,maior_tempo_gasto_como_da_atuando_na_modelagem_dos_dados_com_o_objetivo_de_criar_conjuntos_de_dados_como_data_warehouses_data_marts_datasets_etc,binaria_multiselect,68.0,grupo_nao_exibido_ao_respondente
2024-2025,maior_tempo_gasto_como_da_desenvolvendo_cuidando_da_manutencao_de_planilhas_para_atender_as_areas_de_negocio,binaria_multiselect,68.0,grupo_nao_exibido_ao_respondente
2024-2025,maior_tempo_gasto_como_da_utilizando_ferramentas_avancadas_de_estatistica_como_sas_spss_stata_etc_para_realizar_analises_de_dados,binaria_multiselect,68.0,grupo_nao_exibido_ao_respondente
2024-2025,maior_tempo_gasto_como_da_nenhuma_das_opcoes_listadas_refletem_meu_dia_a_dia,binaria_multiselect,68.0,grupo_nao_exibido_ao_respondente
2024-2025,experiencia_profissional_prejudicada_nao_acredito_que_minha_experiencia_profissional_seja_afetada,binaria_multiselect,49.4,grupo_nao_exibido_ao_respondente
2024-2025,experiencia_profissional_prejudicada_sim_devido_a_minha_cor_raca_etnia,binaria_multiselect,49.4,grupo_nao_exibido_ao_respondente
2024-2025,experiencia_profissional_prejudicada_sim_devido_a_minha_identidade_de_genero,binaria_multiselect,49.4,grupo_nao_exibido_ao_respondente
2024-2025,experiencia_profissional_prejudicada_sim_devido_ao_fato_de_ser_pcd,binaria_multiselect,49.4,grupo_nao_exibido_ao_respondente
2024-2025,ferramenta_de_bi_preferida,categorica_escolha_unica,37.4,condicional_ao_perfil
2024-2025,linguagem_mais_usada,categorica_escolha_unica,34.4,condicional_ao_perfil
2024-2025,linguagem_preferida,categorica_escolha_unica,34.4,condicional_ao_perfil
2024-2025,fonte_de_dado_mais_usada_dados_relacionais_estruturados_em_bancos_sql,binaria_multiselect,31.2,grupo_nao_exibido_ao_respondente
2024-2025,fonte_de_dado_mais_usada_dados_armazenados_em_bancos_nosql,binaria_multiselect,31.2,grupo_nao_exibido_ao_respondente
2024-2025,fonte_de_dado_mais_usada_imagens,binaria_multiselect,31.2,grupo_nao_exibido_ao_respondente
2024-2025,fonte_de_dado_mais_usada_textos_documentos,binaria_multiselect,31.2,grupo_nao_exibido_ao_respondente
2024-2025,fonte_de_dado_mais_usada_videos,binaria_multiselect,31.2,grupo_nao_exibido_ao_respondente
2024-2025,fonte_de_dado_mais_usada_audios,binaria_multiselect,31.2,grupo_nao_exibido_ao_respondente
2024-2025,fonte_de_dado_mais_usada_planilhas,binaria_multiselect,31.2,grupo_nao_exibido_ao_respondente
2024-2025,fonte_de_dado_mais_usada_dados_georeferenciados,binaria_multiselect,31.2,grupo_nao_exibido_ao_respondente
2024-2025,linguagem_de_programacao_dia_a_dia_sql,binaria_multiselect,31.2,grupo_nao_exibido_ao_respondente
2024-2025,linguagem_de_programacao_dia_a_dia_r,binaria_multiselect,31.2,grupo_nao_exibido_ao_respondente
2024-2025,linguagem_de_programacao_dia_a_dia_python,binaria_multiselect,31.2,grupo_nao_exibido_ao_respondente
2024-2025,linguagem_de_programacao_dia_a_dia_c_c++_c#,binaria_multiselect,31.2,grupo_nao_exibido_ao_respondente
2024-2025,linguagem_de_programacao_dia_a_dia_net,binaria_multiselect,31.2,grupo_nao_exibido_ao_respondente
2024-2025,linguagem_de_programacao_dia_a_dia_java,binaria_multiselect,31.2,grupo_nao_exibido_ao_respondente
2024-2025,linguagem_de_programacao_dia_a_dia_julia,binaria_multiselect,31.2,grupo_nao_exibido_ao_respondente
2024-2025,linguagem_de_programacao_dia_a_dia_sas_stata,binaria_multiselect,31.2,grupo_nao_exibido_ao_respondente
2024-2025,linguagem_de_programacao_dia_a_dia_visual_basic_vba,binaria_multiselect,31.2,grupo_nao_exibido_ao_respondente
2024-2025,linguagem_de_programacao_dia_a_dia_scala,binaria_multiselect,31.2,grupo_nao_exibido_ao_respondente
2024-2025,linguagem_de_programacao_dia_a_dia_matlab,binaria_multiselect,31.2,grupo_nao_exibido_ao_respondente
2024-2025,linguagem_de_programacao_dia_a_dia_rust,binaria_multiselect,31.2,grupo_nao_exibido_ao_respondente
2024-2025,linguagem_de_programacao_dia_a_dia_php,binaria_multiselect,31.2,grupo_nao_exibido_ao_respondente
2024-2025,linguagem_de_programacao_dia_a_dia_javascript,binaria_multiselect,31.2,grupo_nao_exibido_ao_respondente
2024-2025,linguagem_de_programacao_dia_a_dia_nao_utilizo_nenhuma_das_linguagens_listadas,binaria_multiselect,31.2,grupo_nao_exibido_ao_respondente
2024-2025,banco_de_dados_dia_a_dia_mysql,binaria_multiselect,31.2,grupo_nao_exibido_ao_respondente
2024-2025,banco_de_dados_dia_a_dia_oracle,binaria_multiselect,31.2,grupo_nao_exibido_ao_respondente
2024-2025,banco_de_dados_dia_a_dia_sql_server,binaria_multiselect,31.2,grupo_nao_exibido_ao_respondente
2024-2025,banco_de_dados_dia_a_dia_amazon_aurora_ou_rds,binaria_multiselect,31.2,grupo_nao_exibido_ao_respondente
2024-2025,banco_de_dados_dia_a_dia_dynamodb,binaria_multiselect,31.2,grupo_nao_exibido_ao_respondente
2024-2025,banco_de_dados_dia_a_dia_coachdb,binaria_multiselect,31.2,grupo_nao_exibido_ao_respondente
2024-2025,banco_de_dados_dia_a_dia_cassandra,binaria_multiselect,31.2,grupo_nao_exibido_ao_respondente
2024-2025,banco_de_dados_dia_a_dia_mongodb,binaria_multiselect,31.2,grupo_nao_exibido_ao_respondente
2024-2025,banco_de_dados_dia_a_dia_mariadb,binaria_multiselect,31.2,grupo_nao_exibido_ao_respondente
2024-2025,banco_de_dados_dia_a_dia_datomic,binaria_multiselect,31.2,grupo_nao_exibido_ao_respondente
2024-2025,banco_de_dados_dia_a_dia_s3,binaria_multiselect,31.2,grupo_nao_exibido_ao_respondente
2024-2025,banco_de_dados_dia_a_dia_postgresql,binaria_multiselect,31.2,grupo_nao_exibido_ao_respondente
2024-2025,banco_de_dados_dia_a_dia_elasticsearch,binaria_multiselect,31.2,grupo_nao_exibido_ao_respondente
2024-2025,banco_de_dados_dia_a_dia_db2,binaria_multiselect,31.2,grupo_nao_exibido_ao_respondente
2024-2025,banco_de_dados_dia_a_dia_microsoft_access,binaria_multiselect,31.2,grupo_nao_exibido_ao_respondente
2024-2025,banco_de_dados_dia_a_dia_sqlite,binaria_multiselect,31.2,grupo_nao_exibido_ao_respondente
2024-2025,banco_de_dados_dia_a_dia_sybase,binaria_multiselect,31.2,grupo_nao_exibido_ao_respondente
2024-2025,banco_de_dados_dia_a_dia_firebase,binaria_multiselect,31.2,grupo_nao_exibido_ao_respondente
2024-2025,banco_de_dados_dia_a_dia_vertica,binaria_multiselect,31.2,grupo_nao_exibido_ao_respondente
2024-2025,banco_de_dados_dia_a_dia_redis,binaria_multiselect,31.2,grupo_nao_exibido_ao_respondente
2024-2025,banco_de_dados_dia_a_dia_neo4j,binaria_multiselect,31.2,grupo_nao_exibido_ao_respondente
2024-2025,banco_de_dados_dia_a_dia_google_bigquery,binaria_multiselect,31.2,grupo_nao_exibido_ao_respondente
2024-2025,banco_de_dados_dia_a_dia_google_firestore,binaria_multiselect,31.2,grupo_nao_exibido_ao_respondente
2024-2025,banco_de_dados_dia_a_dia_amazon_redshift,binaria_multiselect,31.2,grupo_nao_exibido_ao_respondente
2024-2025,banco_de_dados_dia_a_dia_amazon_athena,binaria_multiselect,31.2,grupo_nao_exibido_ao_respondente
2024-2025,banco_de_dados_dia_a_dia_snowflake,binaria_multiselect,31.2,grupo_nao_exibido_ao_respondente
2024-2025,banco_de_dados_dia_a_dia_databricks,binaria_multiselect,31.2,grupo_nao_exibido_ao_respondente
2024-2025,banco_de_dados_dia_a_dia_hbase,binaria_multiselect,31.2,grupo_nao_exibido_ao_respondente
2024-2025,banco_de_dados_dia_a_dia_presto,binaria_multiselect,31.2,grupo_nao_exibido_ao_respondente
2024-2025,banco_de_dados_dia_a_dia_splunk,binaria_multiselect,31.2,grupo_nao_exibido_ao_respondente
2024-2025,banco_de_dados_dia_a_dia_sap_hana,binaria_multiselect,31.2,grupo_nao_exibido_ao_respondente
2024-2025,banco_de_dados_dia_a_dia_hive,binaria_multiselect,31.2,grupo_nao_exibido_ao_respondente
2024-2025,banco_de_dados_dia_a_dia_firebird,binaria_multiselect,31.2,grupo_nao_exibido_ao_respondente
2024-2025,cloud_dia_a_dia_amazon_web_services_aws,binaria_multiselect,31.2,grupo_nao_exibido_ao_respondente
2024-2025,cloud_dia_a_dia_google_cloud_gcp,binaria_multiselect,31.2,grupo_nao_exibido_ao_respondente
2024-2025,cloud_dia_a_dia_azure_microsoft,binaria_multiselect,31.2,grupo_nao_exibido_ao_respondente
2024-2025,cloud_dia_a_dia_oracle_cloud,binaria_multiselect,31.2,grupo_nao_exibido_ao_respondente
2024-2025,cloud_dia_a_dia_ibm,binaria_multiselect,31.2,grupo_nao_exibido_ao_respondente
2024-2025,cloud_dia_a_dia_servidores_on_premise_nao_utilizamos_cloud,binaria_multiselect,31.2,grupo_nao_exibido_ao_respondente
2024-2025,cloud_dia_a_dia_cloud_propria,binaria_multiselect,31.2,grupo_nao_exibido_ao_respondente
2024-2025,cloud_preferida,categorica_escolha_unica,31.2,condicional_ao_perfil
2024-2025,fontes_de_dados_dia_a_dia_dados_relacionais_estruturados_em_bancos_sql,binaria_multiselect,30.6,grupo_nao_exibido_ao_respondente
2024-2025,fontes_de_dados_dia_a_dia_dados_armazenados_em_bancos_nosql,binaria_multiselect,30.6,grupo_nao_exibido_ao_respondente
2024-2025,fontes_de_dados_dia_a_dia_imagens,binaria_multiselect,30.6,grupo_nao_exibido_ao_respondente
2024-2025,fontes_de_dados_dia_a_dia_textos_documentos,binaria_multiselect,30.6,grupo_nao_exibido_ao_respondente
2024-2025,fontes_de_dados_dia_a_dia_videos,binaria_multiselect,30.6,grupo_nao_exibido_ao_respondente
2024-2025,fontes_de_dados_dia_a_dia_audios,binaria_multiselect,30.6,grupo_nao_exibido_ao_respondente
2024-2025,fontes_de_dados_dia_a_dia_planilhas,binaria_multiselect,30.6,grupo_nao_exibido_ao_respondente
2024-2025,fontes_de_dados_dia_a_dia_dados_georeferenciados,binaria_multiselect,30.6,grupo_nao_exibido_ao_respondente
2024-2025,ferramenta_de_bi_dia_a_dia_microsoft_powerbi,binaria_multiselect,30.6,grupo_nao_exibido_ao_respondente
2024-2025,ferramenta_de_bi_dia_a_dia_qlik_view_qlik_sense,binaria_multiselect,30.6,grupo_nao_exibido_ao_respondente
2024-2025,ferramenta_de_bi_dia_a_dia_tableau,binaria_multiselect,30.6,grupo_nao_exibido_ao_respondente
2024-2025,ferramenta_de_bi_dia_a_dia_metabase,binaria_multiselect,30.6,grupo_nao_exibido_ao_respondente
2024-2025,ferramenta_de_bi_dia_a_dia_superset,binaria_multiselect,30.6,grupo_nao_exibido_ao_respondente
2024-2025,ferramenta_de_bi_dia_a_dia_redash,binaria_multiselect,30.6,grupo_nao_exibido_ao_respondente
2024-2025,ferramenta_de_bi_dia_a_dia_looker,binaria_multiselect,30.6,grupo_nao_exibido_ao_respondente
2024-2025,ferramenta_de_bi_dia_a_dia_looker_studiogoogle_data_studio,binaria_multiselect,30.6,grupo_nao_exibido_ao_respondente
2024-2025,ferramenta_de_bi_dia_a_dia_amazon_quicksight,binaria_multiselect,30.6,grupo_nao_exibido_ao_respondente
2024-2025,ferramenta_de_bi_dia_a_dia_alteryx,binaria_multiselect,30.6,grupo_nao_exibido_ao_respondente
2024-2025,ferramenta_de_bi_dia_a_dia_sap_business_objects_sap_analytics,binaria_multiselect,30.6,grupo_nao_exibido_ao_respondente
2024-2025,ferramenta_de_bi_dia_a_dia_oracle_business_intelligence,binaria_multiselect,30.6,grupo_nao_exibido_ao_respondente
2024-2025,ferramenta_de_bi_dia_a_dia_salesforce_einstein_analytics,binaria_multiselect,30.6,grupo_nao_exibido_ao_respondente
2024-2025,ferramenta_de_bi_dia_a_dia_sas_visual_analytics,binaria_multiselect,30.6,grupo_nao_exibido_ao_respondente
2024-2025,ferramenta_de_bi_dia_a_dia_grafana,binaria_multiselect,30.6,grupo_nao_exibido_ao_respondente
2024-2025,ferramenta_de_bi_dia_a_dia_pentaho,binaria_multiselect,30.6,grupo_nao_exibido_ao_respondente
2024-2025,ferramenta_de_bi_dia_a_dia_fazemos_todas_as_analises_utilizando_apenas_excel_ou_planilhas_do_google,binaria_multiselect,30.6,grupo_nao_exibido_ao_respondente
2024-2025,ferramenta_de_bi_dia_a_dia_nao_utilizo_nenhuma_ferramenta_de_bi_no_trabalho,binaria_multiselect,30.6,grupo_nao_exibido_ao_respondente
2024-2025,usa_chatgpt_ou_copilot_no_trabalho_nao_uso_solucoes_de_ai_generativa_com_foco_em_produtividade,binaria_multiselect,30.6,grupo_nao_exibido_ao_respondente
2024-2025,usa_chatgpt_ou_copilot_no_trabalho_uso_solucoes_gratuitas_de_ai_generativa_com_foco_em_produtividade,binaria_multiselect,30.6,grupo_nao_exibido_ao_respondente
2024-2025,usa_chatgpt_ou_copilot_no_trabalho_uso_e_pago_pelas_solucoes_de_ai_generativa_com_foco_em_produtividade,binaria_multiselect,30.6,grupo_nao_exibido_ao_respondente
2024-2025,usa_chatgpt_ou_copilot_no_trabalho_a_empresa_que_trabalho_paga_pelas_solucoes_de_ai_generativa_com_foco_em_produtividade,binaria_multiselect,30.6,grupo_nao_exibido_ao_respondente
2024-2025,usa_chatgpt_ou_copilot_no_trabalho_uso_solucoes_do_tipo_copilot,binaria_multiselect,30.6,grupo_nao_exibido_ao_respondente
2024-2025,funcao_de_atuacao,categorica_escolha_unica,27.2,condicional_ao_perfil
2024-2025,cargo_atual,categorica_escolha_unica,26.8,condicional_ao_perfil
2024-2025,nivel,categorica_escolha_unica,26.8,condicional_ao_perfil
2024-2025,tipo_de_uso_de_ai_generativa_e_llm_na_empresa_direcionamento_centralizado_do_uso_de_ai_generativa,binaria_multiselect,11.5,grupo_nao_exibido_ao_respondente
2024-2025,tipo_de_uso_de_ai_generativa_e_llm_na_empresa_ia_generativa_e_llms_como_principal_frente_do_negocio,binaria_multiselect,11.5,grupo_nao_exibido_ao_respondente
2024-2025,tipo_de_uso_de_ai_generativa_e_llm_na_empresa_colaboradores_usando_ai_generativa_de_forma_independente_e_descentralizada,binaria_multiselect,11.5,grupo_nao_exibido_ao_respondente
2024-2025,tipo_de_uso_de_ai_generativa_e_llm_na_empresa_desenvolvedores_utilizando_copilots,binaria_multiselect,11.5,grupo_nao_exibido_ao_respondente
2024-2025,tipo_de_uso_de_ai_generativa_e_llm_na_empresa_ai_generativa_e_llms_para_melhorar_produtos_internos_para_os_colaboradores,binaria_multiselect,11.5,grupo_nao_exibido_ao_respondente
2024-2025,tipo_de_uso_de_ai_generativa_e_llm_na_empresa_ia_generativa_e_llms_nao_e_prioridade,binaria_multiselect,11.5,grupo_nao_exibido_ao_respondente
2024-2025,tipo_de_uso_de_ai_generativa_e_llm_na_empresa_nao_sei_opinar_sobre_o_uso_de_ia_generativa_e_llms_na_empresa,binaria_multiselect,11.5,grupo_nao_exibido_ao_respondente
2024-2025,tipo_de_uso_de_ai_generativa_e_llm_na_empresa_ai_generativa_e_llms_para_melhorar_produtos_externos_para_os_clientes_finais,binaria_multiselect,11.5,grupo_nao_exibido_ao_respondente
2024-2025,criterios_para_escolha_de_emprego_remuneracao_salario,binaria_multiselect,6.8,grupo_nao_exibido_ao_respondente
2024-2025,criterios_para_escolha_de_emprego_beneficios,binaria_multiselect,6.8,grupo_nao_exibido_ao_respondente
2024-2025,criterios_para_escolha_de_emprego_proposito_do_trabalho_e_da_empresa,binaria_multiselect,6.8,grupo_nao_exibido_ao_respondente
2024-2025,criterios_para_escolha_de_emprego_flexibilidade_de_trabalho_remoto,binaria_multiselect,6.8,grupo_nao_exibido_ao_respondente
2024-2025,criterios_para_escolha_de_emprego_ambiente_e_clima_de_trabalho,binaria_multiselect,6.8,grupo_nao_exibido_ao_respondente
2024-2025,criterios_para_escolha_de_emprego_oportunidade_de_aprendizado_e_trabalhar_com_referencias,binaria_multiselect,6.8,grupo_nao_exibido_ao_respondente
2024-2025,criterios_para_escolha_de_emprego_plano_de_carreira_e_oportunidades_de_crescimento,binaria_multiselect,6.8,grupo_nao_exibido_ao_respondente
2024-2025,criterios_para_escolha_de_emprego_maturidade_da_empresa_em_termos_de_tecnologia_e_dados,binaria_multiselect,6.8,grupo_nao_exibido_ao_respondente
2024-2025,criterios_para_escolha_de_emprego_qualidade_dos_gestores_e_lideres,binaria_multiselect,6.8,grupo_nao_exibido_ao_respondente
2024-2025,criterios_para_escolha_de_emprego_reputacao_que_a_empresa_tem_no_mercado,binaria_multiselect,6.8,grupo_nao_exibido_ao_respondente
2024-2025,setor,categorica_escolha_unica,6.8,quase_universal
2024-2025,numero_de_funcionarios,categorica_escolha_unica,6.8,quase_universal
2024-2025,atua_como_gestor,categorica_escolha_unica,6.8,quase_universal
2024-2025,faixa_salarial,categorica_escolha_unica,6.8,quase_universal
2024-2025,tempo_de_experiencia_em_dados,categorica_escolha_unica,6.8,quase_universal
2024-2025,tempo_de_experiencia_em_ti,categorica_escolha_unica,6.8,quase_universal
2024-2025,satisfeito_atualmente,categorica_escolha_unica,6.8,quase_universal
2024-2025,participou_de_entrevistas_ultimos_6m,categorica_escolha_unica,6.8,quase_universal
2024-2025,planos_de_mudar_de_emprego_6m,categorica_escolha_unica,6.8,quase_universal
2024-2025,empresa_passou_por_layoff_em_2024,categorica_escolha_unica,6.8,quase_universal
2024-2025,modelo_de_trabalho_atual,categorica_escolha_unica,6.8,quase_universal
2024-2025,modelo_de_trabalho_ideal,categorica_escolha_unica,6.8,quase_universal
2024-2025,atitude_em_caso_de_retorno_presencial,categorica_escolha_unica,6.8,quase_universal
2024-2025,uf_onde_mora,categorica_escolha_unica,2.7,quase_universal
2024-2025,regiao_onde_mora,categorica_escolha_unica,2.7,quase_universal
2024-2025,estado_onde_mora,categorica_escolha_unica,2.7,quase_universal
2024-2025,vive_no_estado_de_formacao,categorica_escolha_unica,2.7,quase_universal
2024-2025,area_de_formacao,categorica_escolha_unica,1.8,quase_universal
2024-2025,token,categorica_escolha_unica,0.0,quase_universal
2024-2025,data_hora_envio,categorica_escolha_unica,0.0,quase_universal
2024-2025,idade,categorica_escolha_unica,0.0,quase_universal
2024-2025,faixa_idade,categorica_escolha_unica,0.0,quase_universal
2024-2025,genero,categorica_escolha_unica,0.0,quase_universal
2024-2025,cor_raca_etnia,categorica_escolha_unica,0.0,quase_universal
2024-2025,pcd,categorica_escolha_unica,0.0,quase_universal
2024-2025,vive_no_brasil,categorica_escolha_unica,0.0,quase_universal
2024-2025,nivel_de_ensino,categorica_escolha_unica,0.0,quase_universal
2024-2025,situacao_de_trabalho,categorica_escolha_unica,0.0,quase_universal
2024-2025,atuacao_em_dados,categorica_escolha_unica,0.0,quase_universal
2025-2026,pais_onde_mora,categorica_escolha_unica,96.5,condicional_ao_perfil
2025-2026,oportunidade_buscada,categorica_escolha_unica,94.8,condicional_ao_perfil
2025-2026,experiencia_em_processos_seletivos,categorica_escolha_unica,94.6,condicional_ao_perfil
2025-2026,tempo_em_busca_de_oportunidade,categorica_escolha_unica,94.5,condicional_ao_perfil
2025-2026,objetivo_na_area_de_dados,categorica_escolha_unica,88.2,condicional_ao_perfil
2025-2026,tecnologia_data_lake,categorica_escolha_unica,88.1,condicional_ao_perfil
2025-2026,tecnologia_data_warehouse,categorica_escolha_unica,88.0,condicional_ao_perfil
2025-2026,rotina_como_ds_estudos_ad-hoc_com_o_objetivo_de_confirmar_hipoteses_realizar_modelos_preditivos_forecasts_analise_de_cluster_para_resolver_problemas_pontuais_e_responder_perguntas_das_areas_de_negocio,binaria_multiselect,86.0,grupo_nao_exibido_ao_respondente
2025-2026,rotina_como_ds_sou_responsavel_pela_coleta_e_limpeza_dos_dados_que_uso_para_analise_e_modelagem,binaria_multiselect,86.0,grupo_nao_exibido_ao_respondente
2025-2026,rotina_como_ds_sou_responsavel_por_entrar_em_contato_com_os_times_de_negocio_para_definicao_do_problema_identificar_a_solucao_e_apresentacao_de_resultados,binaria_multiselect,86.0,grupo_nao_exibido_ao_respondente
2025-2026,rotina_como_ds_desenvolvo_modelos_de_machine_learning_com_o_objetivo_de_colocar_em_producao_em_sistemas_produtos_de_dados,binaria_multiselect,86.0,grupo_nao_exibido_ao_respondente
2025-2026,rotina_como_ds_sou_responsavel_por_colocar_modelos_em_producao_criar_os_pipelines_de_dados_apis_de_consumo_e_monitoramento,binaria_multiselect,86.0,grupo_nao_exibido_ao_respondente
2025-2026,rotina_como_ds_cuido_da_manutencao_de_modelos_de_machine_learning_ja_em_producao_atuando_no_monitoramento_ajustes_e_refatoracao_quando_necessario,binaria_multiselect,86.0,grupo_nao_exibido_ao_respondente
2025-2026,rotina_como_ds_realizo_construcoes_de_dashboards_em_ferramentas_de_bi_como_powerbi_tableau_looker_qlik_etc,binaria_multiselect,86.0,grupo_nao_exibido_ao_respondente
2025-2026,rotina_como_ds_utilizo_ferramentas_avancadas_de_estatistica_como_sas_spss_stata_etc_para_realizar_analises,binaria_multiselect,86.0,grupo_nao_exibido_ao_respondente
2025-2026,rotina_como_ds_crio_e_dou_manutencao_em_etls_dags_e_automacoes_de_pipelines_de_dados,binaria_multiselect,86.0,grupo_nao_exibido_ao_respondente
2025-2026,rotina_como_ds_crio_e_gerencio_solucoes_de_feature_store_e_cultura_de_mlops,binaria_multiselect,86.0,grupo_nao_exibido_ao_respondente
2025-2026,rotina_como_ds_sou_responsavel_por_criar_e_manter_a_infra_que_meus_modelos_e_solucoes_rodam_clusters_servidores_api_containers_etc,binaria_multiselect,86.0,grupo_nao_exibido_ao_respondente
2025-2026,rotina_como_ds_treino_e_aplico_llm's_para_solucionar_problemas_de_negocio,binaria_multiselect,86.0,grupo_nao_exibido_ao_respondente
2025-2026,tecnicas_e_metodos_ds_utilizo_modelos_de_regressao_linear_logistica_glm,binaria_multiselect,86.0,grupo_nao_exibido_ao_respondente
2025-2026,tecnicas_e_metodos_ds_utilizo_redes_neurais_ou_modelos_baseados_em_arvore_para_criar_modelos_de_classificacao,binaria_multiselect,86.0,grupo_nao_exibido_ao_respondente
2025-2026,tecnicas_e_metodos_ds_desenvolvo_sistemas_de_recomendacao_recsys,binaria_multiselect,86.0,grupo_nao_exibido_ao_respondente
2025-2026,tecnicas_e_metodos_ds_utilizo_metodos_estatisticos_bayesianos_para_analisar_dados,binaria_multiselect,86.0,grupo_nao_exibido_ao_respondente
2025-2026,tecnicas_e_metodos_ds_utilizo_tecnicas_de_nlp_natural_language_processing_para_analisar_dados_nao-estruturados,binaria_multiselect,86.0,grupo_nao_exibido_ao_respondente
2025-2026,tecnicas_e_metodos_ds_utilizo_metodos_estatisticos_classicos_testes_de_hipotese_analise_multivariada_sobrevivencia_dados_longitudinais_inferencia_estatistica_para_analisar_dados,binaria_multiselect,86.0,grupo_nao_exibido_ao_respondente
2025-2026,tecnicas_e_metodos_ds_utilizo_cadeias_de_markov_ou_hmm\s_para_realizar_analises_de_dados,binaria_multiselect,86.0,grupo_nao_exibido_ao_respondente
2025-2026,tecnicas_e_metodos_ds_desenvolvo_tecnicas_de_clusterizacao_k-means_spectral_dbscan_etc,binaria_multiselect,86.0,grupo_nao_exibido_ao_respondente
2025-2026,tecnicas_e_metodos_ds_realizo_previsoes_atraves_de_modelos_de_series_temporais_time_series,binaria_multiselect,86.0,grupo_nao_exibido_ao_respondente
2025-2026,tecnicas_e_metodos_ds_utilizo_modelos_de_reinforcement_learning_aprendizado_por_reforco,binaria_multiselect,86.0,grupo_nao_exibido_ao_respondente
2025-2026,tecnicas_e_metodos_ds_utilizo_modelos_de_machine_learning_para_deteccao_de_fraude,binaria_multiselect,86.0,grupo_nao_exibido_ao_respondente
2025-2026,tecnicas_e_metodos_ds_utilizo_metodos_de_visao_computacional,binaria_multiselect,86.0,grupo_nao_exibido_ao_respondente
2025-2026,tecnicas_e_metodos_ds_utilizo_modelos_de_deteccao_de_churn,binaria_multiselect,86.0,grupo_nao_exibido_ao_respondente
2025-2026,tecnicas_e_metodos_ds_utilizo_llm's_para_solucionar_problemas_de_negocio,binaria_multiselect,86.0,grupo_nao_exibido_ao_respondente
2025-2026,tecnologias_ds_ferramentas_de_bi_powerbi_looker_tableau_qlik_etc,binaria_multiselect,86.0,grupo_nao_exibido_ao_respondente
2025-2026,tecnologias_ds_planilhas_excel_google_sheets_etc,binaria_multiselect,86.0,grupo_nao_exibido_ao_respondente
2025-2026,tecnologias_ds_ambientes_de_desenvolvimento_local_r-studio_jupyterlab_anaconda,binaria_multiselect,86.0,grupo_nao_exibido_ao_respondente
2025-2026,tecnologias_ds_ambientes_de_desenvolvimento_na_nuvem_google_colab_aws_sagemaker_kaggle_notebooks_etc,binaria_multiselect,86.0,grupo_nao_exibido_ao_respondente
2025-2026,tecnologias_ds_ferramentas_de_automl_datarobot_h2o_auto-keras_etc,binaria_multiselect,86.0,grupo_nao_exibido_ao_respondente
2025-2026,tecnologias_ds_ferramentas_de_etl_apache_airflow_nifi_stitch_fivetran_pentaho_etc,binaria_multiselect,86.0,grupo_nao_exibido_ao_respondente
2025-2026,tecnologias_ds_plataformas_de_machine_learning_tensorflow_azure_machine_learning_kubeflow_etc,binaria_multiselect,86.0,grupo_nao_exibido_ao_respondente
2025-2026,tecnologias_ds_feature_store_feast_hopsworks_aws_feature_store_databricks_feature_store_etc,binaria_multiselect,86.0,grupo_nao_exibido_ao_respondente
2025-2026,tecnologias_ds_sistemas_de_controle_de_versao_github_dvc_neptune_gitlab_etc,binaria_multiselect,86.0,grupo_nao_exibido_ao_respondente
2025-2026,tecnologias_ds_plataformas_de_data_apps_streamlit_shiny_plotly_dash_etc,binaria_multiselect,86.0,grupo_nao_exibido_ao_respondente
2025-2026,tecnologias_ds_ferramentas_de_estatistica_avancada_como_spss_sas_etc,binaria_multiselect,86.0,grupo_nao_exibido_ao_respondente
2025-2026,maior_tempo_gasto_como_ds_estudos_ad-hoc_com_o_objetivo_de_confirmar_hipoteses_realizar_modelos_preditivos_forecasts_analise_de_cluster_para_resolver_problemas_pontuais_e_responder_perguntas_das_areas_de_negocio,binaria_multiselect,86.0,grupo_nao_exibido_ao_respondente
2025-2026,maior_tempo_gasto_como_ds_coletando_e_limpando_dos_dados_que_uso_para_analise_e_modelagem,binaria_multiselect,86.0,grupo_nao_exibido_ao_respondente
2025-2026,maior_tempo_gasto_como_ds_entrando_em_contato_com_os_times_de_negocio_para_definicao_do_problema_identificar_a_solucao_e_apresentacao_de_resultados,binaria_multiselect,86.0,grupo_nao_exibido_ao_respondente
2025-2026,maior_tempo_gasto_como_ds_desenvolvendo_modelos_de_machine_learning_com_o_objetivo_de_colocar_em_producao_em_sistemas_produtos_de_dados,binaria_multiselect,86.0,grupo_nao_exibido_ao_respondente
2025-2026,maior_tempo_gasto_como_ds_colocando_modelos_em_producao_criando_os_pipelines_de_dados_apis_de_consumo_e_monitoramento,binaria_multiselect,86.0,grupo_nao_exibido_ao_respondente
2025-2026,maior_tempo_gasto_como_ds_cuidando_da_manutencao_de_modelos_de_machine_learning_ja_em_producao_atuando_no_monitoramento_ajustes_e_refatoracao_quando_necessario,binaria_multiselect,86.0,grupo_nao_exibido_ao_respondente
2025-2026,maior_tempo_gasto_como_ds_realizando_construcoes_de_dashboards_em_ferramentas_de_bi_como_powerbi_tableau_looker_qlik_etc,binaria_multiselect,86.0,grupo_nao_exibido_ao_respondente
2025-2026,maior_tempo_gasto_como_ds_utilizando_ferramentas_avancadas_de_estatistica_como_sas_spss_stata_etc_para_realizar_analises,binaria_multiselect,86.0,grupo_nao_exibido_ao_respondente
2025-2026,maior_tempo_gasto_como_ds_criando_e_dando_manutencao_em_etls_dags_e_automacoes_de_pipelines_de_dados,binaria_multiselect,86.0,grupo_nao_exibido_ao_respondente
2025-2026,maior_tempo_gasto_como_ds_criando_e_gerenciando_solucoes_de_feature_store_e_cultura_de_mlops,binaria_multiselect,86.0,grupo_nao_exibido_ao_respondente
2025-2026,maior_tempo_gasto_como_ds_criando_e_mantendo_a_infra_que_meus_modelos_e_solucoes_rodam_clusters_servidores_api_containers_etc,binaria_multiselect,86.0,grupo_nao_exibido_ao_respondente
2025-2026,maior_tempo_gasto_como_ds_treinando_e_aplicando_llm's_para_solucionar_problemas_de_negocio,binaria_multiselect,86.0,grupo_nao_exibido_ao_respondente
2025-2026,ferramentas_de_qualidade_de_dados_dia_a_dia,categorica_escolha_unica,84.7,condicional_ao_perfil
2025-2026,possui_data_warehouse,binaria_multiselect,84.4,grupo_nao_exibido_ao_respondente
2025-2026,possui_data_lake,binaria_multiselect,83.9,grupo_nao_exibido_ao_respondente
2025-2026,rotina_como_de_desenvolvo_pipelines_de_dados_utilizando_linguagens_de_programacao_como_python_scala_java_etc,binaria_multiselect,83.8,grupo_nao_exibido_ao_respondente
2025-2026,rotina_como_de_realizo_construcoes_de_etl's_em_ferramentas_como_pentaho_talend_dataflow_etc,binaria_multiselect,83.8,grupo_nao_exibido_ao_respondente
2025-2026,rotina_como_de_crio_consultas_atraves_da_linguagem_sql_para_exportar_informacoes_e_compartilhar_com_as_areas_de_negocio,binaria_multiselect,83.8,grupo_nao_exibido_ao_respondente
2025-2026,rotina_como_de_atuo_na_integracao_de_diferentes_fontes_de_dados_atraves_de_plataformas_proprietarias_como_stitch_data_fivetran_etc,binaria_multiselect,83.8,grupo_nao_exibido_ao_respondente
2025-2026,rotina_como_de_modelo_solucoes_de_arquitetura_de_dados_criando_componentes_de_ingestao_de_dados_transformacao_e_recuperacao_da_informacao,binaria_multiselect,83.8,grupo_nao_exibido_ao_respondente
2025-2026,rotina_como_de_desenvolvo_cuido_da_manutencao_de_repositorios_de_dados_baseados_em_streaming_de_eventos_como_data_lakes_e_data_lakehouses,binaria_multiselect,83.8,grupo_nao_exibido_ao_respondente
2025-2026,rotina_como_de_atuo_na_modelagem_dos_dados_com_o_objetivo_de_criar_conjuntos_de_dados_como_data_warehouses_data_marts_datasets_etc,binaria_multiselect,83.8,grupo_nao_exibido_ao_respondente
2025-2026,rotina_como_de_cuido_da_qualidade_dos_dados_metadados_e_dicionario_de_dados,binaria_multiselect,83.8,grupo_nao_exibido_ao_respondente
2025-2026,rotina_como_de_nenhuma_das_opcoes_listadas_refletem_meu_dia_a_dia,binaria_multiselect,83.8,grupo_nao_exibido_ao_respondente
2025-2026,ferramentas_etl_de_scripts_python,binaria_multiselect,83.8,grupo_nao_exibido_ao_respondente
2025-2026,ferramentas_etl_de_sql_&_stored_procedures,binaria_multiselect,83.8,grupo_nao_exibido_ao_respondente
2025-2026,ferramentas_etl_de_apache_airflow,binaria_multiselect,83.8,grupo_nao_exibido_ao_respondente
2025-2026,ferramentas_etl_de_apache_nifi,binaria_multiselect,83.8,grupo_nao_exibido_ao_respondente
2025-2026,ferramentas_etl_de_luigi,binaria_multiselect,83.8,grupo_nao_exibido_ao_respondente
2025-2026,ferramentas_etl_de_aws_glue,binaria_multiselect,83.8,grupo_nao_exibido_ao_respondente
2025-2026,ferramentas_etl_de_talend,binaria_multiselect,83.8,grupo_nao_exibido_ao_respondente
2025-2026,ferramentas_etl_de_pentaho,binaria_multiselect,83.8,grupo_nao_exibido_ao_respondente
2025-2026,ferramentas_etl_de_alteryx,binaria_multiselect,83.8,grupo_nao_exibido_ao_respondente
2025-2026,ferramentas_etl_de_stitch,binaria_multiselect,83.8,grupo_nao_exibido_ao_respondente
2025-2026,ferramentas_etl_de_fivetran,binaria_multiselect,83.8,grupo_nao_exibido_ao_respondente
2025-2026,ferramentas_etl_de_google_dataflow,binaria_multiselect,83.8,grupo_nao_exibido_ao_respondente
2025-2026,ferramentas_etl_de_oracle_data_integrator,binaria_multiselect,83.8,grupo_nao_exibido_ao_respondente
2025-2026,ferramentas_etl_de_ibm_datastage,binaria_multiselect,83.8,grupo_nao_exibido_ao_respondente
2025-2026,ferramentas_etl_de_sap_bw_etl,binaria_multiselect,83.8,grupo_nao_exibido_ao_respondente
2025-2026,ferramentas_etl_de_sql_server_integration_services_ssis,binaria_multiselect,83.8,grupo_nao_exibido_ao_respondente
2025-2026,ferramentas_etl_de_sas_data_integration,binaria_multiselect,83.8,grupo_nao_exibido_ao_respondente
2025-2026,ferramentas_etl_de_qlik_sense,binaria_multiselect,83.8,grupo_nao_exibido_ao_respondente
2025-2026,ferramentas_etl_de_knime,binaria_multiselect,83.8,grupo_nao_exibido_ao_respondente
2025-2026,ferramentas_etl_de_databricks,binaria_multiselect,83.8,grupo_nao_exibido_ao_respondente
2025-2026,ferramentas_etl_de_nao_utilizo_ferramentas_de_etl,binaria_multiselect,83.8,grupo_nao_exibido_ao_respondente
2025-2026,maior_tempo_gasto_como_de_desenvolvendo_pipelines_de_dados_utilizando_linguagens_de_programacao_como_python_scala_java_etc,binaria_multiselect,83.8,grupo_nao_exibido_ao_respondente
2025-2026,maior_tempo_gasto_como_de_realizando_construcoes_de_etl\s_em_ferramentas_como_pentaho_talend_dataflow_etc,binaria_multiselect,83.8,grupo_nao_exibido_ao_respondente
2025-2026,maior_tempo_gasto_como_de_criando_consultas_atraves_da_linguagem_sql_para_exportar_informacoes_e_compartilhar_com_as_areas_de_negocio,binaria_multiselect,83.8,grupo_nao_exibido_ao_respondente
2025-2026,maior_tempo_gasto_como_de_atuando_na_integracao_de_diferentes_fontes_de_dados_atraves_de_plataformas_proprietarias_como_stitch_data_fivetran_etc,binaria_multiselect,83.8,grupo_nao_exibido_ao_respondente
2025-2026,maior_tempo_gasto_como_de_modelando_solucoes_de_arquitetura_de_dados_criando_componentes_de_ingestao_de_dados_transformacao_e_recuperacao_da_informacao,binaria_multiselect,83.8,grupo_nao_exibido_ao_respondente
2025-2026,maior_tempo_gasto_como_de_desenvolvendo_cuidando_da_manutencao_de_repositorios_de_dados_baseados_em_streaming_de_eventos_como_data_lakes_e_data_lakehouses,binaria_multiselect,83.8,grupo_nao_exibido_ao_respondente
2025-2026,maior_tempo_gasto_como_de_atuando_na_modelagem_dos_dados_com_o_objetivo_de_criar_conjuntos_de_dados_como_data_warehouses_data_marts_datasets_etc,binaria_multiselect,83.8,grupo_nao_exibido_ao_respondente
2025-2026,maior_tempo_gasto_como_de_cuidando_da_qualidade_dos_dados_metadados_e_dicionario_de_dados,binaria_multiselect,83.8,grupo_nao_exibido_ao_respondente
2025-2026,maior_tempo_gasto_como_de_nenhuma_das_opcoes_listadas_refletem_meu_dia_a_dia,binaria_multiselect,83.8,grupo_nao_exibido_ao_respondente
2025-2026,motivos_para_nao_usar_ai_generativa_e_llm_falta_de_compreensao_dos_casos_de_uso,binaria_multiselect,83.2,grupo_nao_exibido_ao_respondente
2025-2026,motivos_para_nao_usar_ai_generativa_e_llm_falta_de_confiabilidade_das_saidas_alucinacao_dos_modelos,binaria_multiselect,83.2,grupo_nao_exibido_ao_respondente
2025-2026,motivos_para_nao_usar_ai_generativa_e_llm_incerteza_em_relacao_a_regulamentacao,binaria_multiselect,83.2,grupo_nao_exibido_ao_respondente
2025-2026,motivos_para_nao_usar_ai_generativa_e_llm_preocupacoes_com_seguranca_e_privacidade_de_dados,binaria_multiselect,83.2,grupo_nao_exibido_ao_respondente
2025-2026,motivos_para_nao_usar_ai_generativa_e_llm_retorno_sobre_investimento_roi_nao_comprovado_de_ia_generativa,binaria_multiselect,83.2,grupo_nao_exibido_ao_respondente
2025-2026,motivos_para_nao_usar_ai_generativa_e_llm_dados_da_empresa_nao_estao_prontos_para_uso_de_ia_generativa,binaria_multiselect,83.2,grupo_nao_exibido_ao_respondente
2025-2026,motivos_para_nao_usar_ai_generativa_e_llm_falta_de_expertise_ou_falta_de_recursos,binaria_multiselect,83.2,grupo_nao_exibido_ao_respondente
2025-2026,motivos_para_nao_usar_ai_generativa_e_llm_alta_direcao_da_empresa_nao_ve_valor_ou_nao_ve_como_prioridade,binaria_multiselect,83.2,grupo_nao_exibido_ao_respondente
2025-2026,motivos_para_nao_usar_ai_generativa_e_llm_preocupacoes_com_propriedade_intelectual,binaria_multiselect,83.2,grupo_nao_exibido_ao_respondente
2025-2026,cargos_no_time_de_dados_da_empresa_analytics_engineer,binaria_multiselect,82.9,grupo_nao_exibido_ao_respondente
2025-2026,cargos_no_time_de_dados_da_empresa_engenharia_de_dados_data_engineer,binaria_multiselect,82.9,grupo_nao_exibido_ao_respondente
2025-2026,cargos_no_time_de_dados_da_empresa_analista_de_dados_data_analyst,binaria_multiselect,82.9,grupo_nao_exibido_ao_respondente
2025-2026,cargos_no_time_de_dados_da_empresa_cientista_de_dados_data_scientist,binaria_multiselect,82.9,grupo_nao_exibido_ao_respondente
2025-2026,cargos_no_time_de_dados_da_empresa_database_administrator_dba,binaria_multiselect,82.9,grupo_nao_exibido_ao_respondente
2025-2026,cargos_no_time_de_dados_da_empresa_analista_de_business_intelligence_bi,binaria_multiselect,82.9,grupo_nao_exibido_ao_respondente
2025-2026,cargos_no_time_de_dados_da_empresa_arquiteto_de_dados_data_architect,binaria_multiselect,82.9,grupo_nao_exibido_ao_respondente
2025-2026,cargos_no_time_de_dados_da_empresa_data_product_manager_dpm,binaria_multiselect,82.9,grupo_nao_exibido_ao_respondente
2025-2026,cargos_no_time_de_dados_da_empresa_business_analyst,binaria_multiselect,82.9,grupo_nao_exibido_ao_respondente
2025-2026,cargos_no_time_de_dados_da_empresa_ml_engineer_ai_engineer,binaria_multiselect,82.9,grupo_nao_exibido_ao_respondente
2025-2026,empresa_esta_conseguindo_ter_bons_resultados_com_llms,categorica_escolha_unica,81.5,condicional_ao_perfil
2025-2026,responsabilidades_como_gestor_pensar_na_visao_de_longo_prazo_de_dados,binaria_multiselect,81.3,grupo_nao_exibido_ao_respondente
2025-2026,responsabilidades_como_gestor_organizacao_de_treinamentos_e_iniciativas,binaria_multiselect,81.3,grupo_nao_exibido_ao_respondente
2025-2026,responsabilidades_como_gestor_atracao_selecao_e_contratacao,binaria_multiselect,81.3,grupo_nao_exibido_ao_respondente
2025-2026,responsabilidades_como_gestor_decisao_sobre_contratacao_de_ferramentas,binaria_multiselect,81.3,grupo_nao_exibido_ao_respondente
2025-2026,responsabilidades_como_gestor_gestor_da_equipe_de_engenharia_de_dados,binaria_multiselect,81.3,grupo_nao_exibido_ao_respondente
2025-2026,responsabilidades_como_gestor_gestor_da_equipe_de_estudos_relatorios,binaria_multiselect,81.3,grupo_nao_exibido_ao_respondente
2025-2026,responsabilidades_como_gestor_gestor_da_equipe_de_inteligencia_artificial_e_machine_learning,binaria_multiselect,81.3,grupo_nao_exibido_ao_respondente
2025-2026,responsabilidades_como_gestor_apesar_de_ser_gestor_ainda_atuo_na_parte_tecnica,binaria_multiselect,81.3,grupo_nao_exibido_ao_respondente
2025-2026,responsabilidades_como_gestor_gestao_de_projetos_de_dados,binaria_multiselect,81.3,grupo_nao_exibido_ao_respondente
2025-2026,responsabilidades_como_gestor_gestao_de_produtos_de_dados,binaria_multiselect,81.3,grupo_nao_exibido_ao_respondente
2025-2026,responsabilidades_como_gestor_gestao_de_pessoas,binaria_multiselect,81.3,grupo_nao_exibido_ao_respondente
2025-2026,desafios_como_gestor_contratar_talentos,binaria_multiselect,81.3,grupo_nao_exibido_ao_respondente
2025-2026,desafios_como_gestor_reter_talentos,binaria_multiselect,81.3,grupo_nao_exibido_ao_respondente
2025-2026,desafios_como_gestor_convencer_a_empresa_a_aumentar_investimentos,binaria_multiselect,81.3,grupo_nao_exibido_ao_respondente
2025-2026,desafios_como_gestor_gestao_de_equipes_no_ambiente_remoto,binaria_multiselect,81.3,grupo_nao_exibido_ao_respondente
2025-2026,desafios_como_gestor_gestao_de_projetos_envolvendo_areas_multidisciplinares,binaria_multiselect,81.3,grupo_nao_exibido_ao_respondente
2025-2026,desafios_como_gestor_organizar_as_informacoes_com_qualidade_e_confiabilidade,binaria_multiselect,81.3,grupo_nao_exibido_ao_respondente
2025-2026,desafios_como_gestor_processar_e_armazenar_um_alto_volume_de_dados,binaria_multiselect,81.3,grupo_nao_exibido_ao_respondente
2025-2026,desafios_como_gestor_gerar_valor_para_as_areas_de_negocios,binaria_multiselect,81.3,grupo_nao_exibido_ao_respondente
2025-2026,desafios_como_gestor_desenvolver_e_manter_modelos_machine_learning_em_producao,binaria_multiselect,81.3,grupo_nao_exibido_ao_respondente
2025-2026,desafios_como_gestor_gerenciar_a_expectativa_das_areas,binaria_multiselect,81.3,grupo_nao_exibido_ao_respondente
2025-2026,desafios_como_gestor_garantir_a_manutencao_dos_projetos_e_modelos_em_producao,binaria_multiselect,81.3,grupo_nao_exibido_ao_respondente
2025-2026,desafios_como_gestor_conseguir_levar_inovacao_para_a_empresa,binaria_multiselect,81.3,grupo_nao_exibido_ao_respondente
2025-2026,desafios_como_gestor_garantir_roi_em_projetos_de_dados,binaria_multiselect,81.3,grupo_nao_exibido_ao_respondente
2025-2026,desafios_como_gestor_dividir_o_tempo_entre_entregas_tecnicas_e_gestao,binaria_multiselect,81.3,grupo_nao_exibido_ao_respondente
2025-2026,numero_de_pessoas_em_dados,categorica_escolha_unica,81.3,condicional_ao_perfil
2025-2026,ai_generativa_e_llm_e_uma_prioridade,categorica_escolha_unica,81.3,condicional_ao_perfil
2025-2026,uf_de_origem,categorica_escolha_unica,80.3,condicional_ao_perfil
2025-2026,regiao_de_origem,categorica_escolha_unica,80.3,condicional_ao_perfil
2025-2026,estado_de_origem,categorica_escolha_unica,79.7,condicional_ao_perfil
2025-2026,cargo_como_gestor,categorica_escolha_unica,79.2,condicional_ao_perfil
2025-2026,aspectos_prejudicados_quantidade_de_oportunidades_de_emprego_vagas_recebidas,binaria_multiselect,76.0,grupo_nao_exibido_ao_respondente
2025-2026,aspectos_prejudicados_senioridade_das_vagas_recebidas_em_relacao_a_sua_experiencia,binaria_multiselect,76.0,grupo_nao_exibido_ao_respondente
2025-2026,aspectos_prejudicados_aprovacao_em_processos_seletivos_entrevistas,binaria_multiselect,76.0,grupo_nao_exibido_ao_respondente
2025-2026,aspectos_prejudicados_oportunidades_de_progressao_de_carreira,binaria_multiselect,76.0,grupo_nao_exibido_ao_respondente
2025-2026,aspectos_prejudicados_velocidade_de_progressao_de_carreira,binaria_multiselect,76.0,grupo_nao_exibido_ao_respondente
2025-2026,aspectos_prejudicados_nivel_de_cobranca_no_trabalho_stress_no_trabalho,binaria_multiselect,76.0,grupo_nao_exibido_ao_respondente
2025-2026,aspectos_prejudicados_atencao_dada_pelas_pessoas_diante_das_minhas_opinioes_e_ideias,binaria_multiselect,76.0,grupo_nao_exibido_ao_respondente
2025-2026,aspectos_prejudicados_relacao_com_outras_pessoas_da_empresa_em_momentos_de_trabalho,binaria_multiselect,76.0,grupo_nao_exibido_ao_respondente
2025-2026,aspectos_prejudicados_relacao_com_outras_pessoas_da_empresa_em_momentos_de_integracao_e_outros_momentos_fora_do_trabalho,binaria_multiselect,76.0,grupo_nao_exibido_ao_respondente
2025-2026,rotina_como_da_processo_e_analiso_dados_utilizando_linguagens_de_programacao_como_python_r_etc,binaria_multiselect,73.4,grupo_nao_exibido_ao_respondente
2025-2026,rotina_como_da_realizo_construcoes_de_dashboards_em_ferramentas_de_bi_como_powerbi_tableau_looker_qlik_etc,binaria_multiselect,73.4,grupo_nao_exibido_ao_respondente
2025-2026,rotina_como_da_crio_consultas_atraves_da_linguagem_sql_para_exportar_informacoes_e_compartilhar_com_as_areas_de_negocio,binaria_multiselect,73.4,grupo_nao_exibido_ao_respondente
2025-2026,rotina_como_da_utilizo_api\s_para_extrair_dados_e_complementar_minhas_analises,binaria_multiselect,73.4,grupo_nao_exibido_ao_respondente
2025-2026,rotina_como_da_realizo_experimentos_e_estudos_utilizando_metodologias_estatisticas_como_teste_de_hipotese_modelos_de_regressao_etc,binaria_multiselect,73.4,grupo_nao_exibido_ao_respondente
2025-2026,rotina_como_da_desenvolvo_cuido_da_manutencao_de_etl\s_utilizando_tecnologias_como_talend_pentaho_airflow_dataflow_etc,binaria_multiselect,73.4,grupo_nao_exibido_ao_respondente
2025-2026,rotina_como_da_atuo_na_modelagem_dos_dados_com_o_objetivo_de_criar_conjuntos_de_dados_como_data_warehouses_data_marts_etc,binaria_multiselect,73.4,grupo_nao_exibido_ao_respondente
2025-2026,rotina_como_da_desenvolvo_cuido_da_manutencao_de_planilhas_para_atender_as_areas_de_negocio,binaria_multiselect,73.4,grupo_nao_exibido_ao_respondente
2025-2026,rotina_como_da_utilizo_ferramentas_avancadas_de_estatistica_como_sas_spss_stata_etc_para_realizar_analises_de_dados,binaria_multiselect,73.4,grupo_nao_exibido_ao_respondente
2025-2026,rotina_como_da_nenhuma_das_opcoes_listadas_refletem_meu_dia_a_dia,binaria_multiselect,73.4,grupo_nao_exibido_ao_respondente
2025-2026,ferramentas_etl_da_scripts_python,binaria_multiselect,73.4,grupo_nao_exibido_ao_respondente
2025-2026,ferramentas_etl_da_sql_&_stored_procedures,binaria_multiselect,73.4,grupo_nao_exibido_ao_respondente
2025-2026,ferramentas_etl_da_apache_airflow,binaria_multiselect,73.4,grupo_nao_exibido_ao_respondente
2025-2026,ferramentas_etl_da_apache_nifi,binaria_multiselect,73.4,grupo_nao_exibido_ao_respondente
2025-2026,ferramentas_etl_da_luigi,binaria_multiselect,73.4,grupo_nao_exibido_ao_respondente
2025-2026,ferramentas_etl_da_aws_glue,binaria_multiselect,73.4,grupo_nao_exibido_ao_respondente
2025-2026,ferramentas_etl_da_talend,binaria_multiselect,73.4,grupo_nao_exibido_ao_respondente
2025-2026,ferramentas_etl_da_pentaho,binaria_multiselect,73.4,grupo_nao_exibido_ao_respondente
2025-2026,ferramentas_etl_da_alteryx,binaria_multiselect,73.4,grupo_nao_exibido_ao_respondente
2025-2026,ferramentas_etl_da_stitch,binaria_multiselect,73.4,grupo_nao_exibido_ao_respondente
2025-2026,ferramentas_etl_da_fivetran,binaria_multiselect,73.4,grupo_nao_exibido_ao_respondente
2025-2026,ferramentas_etl_da_google_dataflow,binaria_multiselect,73.4,grupo_nao_exibido_ao_respondente
2025-2026,ferramentas_etl_da_oracle_data_integrator,binaria_multiselect,73.4,grupo_nao_exibido_ao_respondente
2025-2026,ferramentas_etl_da_ibm_datastage,binaria_multiselect,73.4,grupo_nao_exibido_ao_respondente
2025-2026,ferramentas_etl_da_sap_bw_etl,binaria_multiselect,73.4,grupo_nao_exibido_ao_respondente
2025-2026,ferramentas_etl_da_sql_server_integration_services_ssis,binaria_multiselect,73.4,grupo_nao_exibido_ao_respondente
2025-2026,ferramentas_etl_da_sas_data_integration,binaria_multiselect,73.4,grupo_nao_exibido_ao_respondente
2025-2026,ferramentas_etl_da_qlik_sense,binaria_multiselect,73.4,grupo_nao_exibido_ao_respondente
2025-2026,ferramentas_etl_da_knime,binaria_multiselect,73.4,grupo_nao_exibido_ao_respondente
2025-2026,ferramentas_etl_da_databricks,binaria_multiselect,73.4,grupo_nao_exibido_ao_respondente
2025-2026,ferramentas_etl_da_nao_utilizo_ferramentas_de_etl,binaria_multiselect,73.4,grupo_nao_exibido_ao_respondente
2025-2026,ferramentas_autonomia_area_de_negocios_ferramentas_de_automl_como_h2oai_data_robot_bigml_etc,binaria_multiselect,73.4,grupo_nao_exibido_ao_respondente
2025-2026,"ferramentas_autonomia_area_de_negocios_""point_and_click""_analytics_como_alteryx_knime_rapidminer_etc",binaria_multiselect,73.4,grupo_nao_exibido_ao_respondente
2025-2026,ferramentas_autonomia_area_de_negocios_product_metricts_&_insights_como_mixpanel_amplitude_adobe_analytics,binaria_multiselect,73.4,grupo_nao_exibido_ao_respondente
2025-2026,ferramentas_autonomia_area_de_negocios_ferramentas_de_analise_dentro_de_ferramentas_de_crm_como_salesforce_einstein_anaytics_ou_zendesk_dashboards,binaria_multiselect,73.4,grupo_nao_exibido_ao_respondente
2025-2026,ferramentas_autonomia_area_de_negocios_minha_empresa_nao_utiliza_essas_ferramentas,binaria_multiselect,73.4,grupo_nao_exibido_ao_respondente
2025-2026,ferramentas_autonomia_area_de_negocios_nao_sei_informar,binaria_multiselect,73.4,grupo_nao_exibido_ao_respondente
2025-2026,maior_tempo_gasto_como_da_processando_e_analisando_dados_utilizando_linguagens_de_programacao_como_python_r_etc,binaria_multiselect,73.4,grupo_nao_exibido_ao_respondente
2025-2026,maior_tempo_gasto_como_da_realizando_construcoes_de_dashboards_em_ferramentas_de_bi_como_powerbi_tableau_looker_qlik_etc,binaria_multiselect,73.4,grupo_nao_exibido_ao_respondente
2025-2026,maior_tempo_gasto_como_da_criando_consultas_atraves_da_linguagem_sql_para_exportar_informacoes_e_compartilhar_com_as_areas_de_negocio,binaria_multiselect,73.4,grupo_nao_exibido_ao_respondente
2025-2026,maior_tempo_gasto_como_da_utilizando_api's_para_extrair_dados_e_complementar_minhas_analises,binaria_multiselect,73.4,grupo_nao_exibido_ao_respondente
2025-2026,maior_tempo_gasto_como_da_realizando_experimentos_e_estudos_utilizando_metodologias_estatisticas_como_teste_de_hipotese_modelos_de_regressao_etc,binaria_multiselect,73.4,grupo_nao_exibido_ao_respondente
2025-2026,maior_tempo_gasto_como_da_desenvolvendo_cuidando_da_manutencao_de_etl's_utilizando_tecnologias_como_talend_pentaho_airflow_dataflow_etc,binaria_multiselect,73.4,grupo_nao_exibido_ao_respondente
2025-2026,maior_tempo_gasto_como_da_atuando_na_modelagem_dos_dados_com_o_objetivo_de_criar_conjuntos_de_dados_como_data_warehouses_data_marts_datasets_etc,binaria_multiselect,73.4,grupo_nao_exibido_ao_respondente
2025-2026,maior_tempo_gasto_como_da_desenvolvendo_cuidando_da_manutencao_de_planilhas_para_atender_as_areas_de_negocio,binaria_multiselect,73.4,grupo_nao_exibido_ao_respondente
2025-2026,maior_tempo_gasto_como_da_utilizando_ferramentas_avancadas_de_estatistica_como_sas_spss_stata_etc_para_realizar_analises_de_dados,binaria_multiselect,73.4,grupo_nao_exibido_ao_respondente
2025-2026,maior_tempo_gasto_como_da_nenhuma_das_opcoes_listadas_refletem_meu_dia_a_dia,binaria_multiselect,73.4,grupo_nao_exibido_ao_respondente
2025-2026,motivo_insatisfacao_remuneracao_salario,binaria_multiselect,71.3,grupo_nao_exibido_ao_respondente
2025-2026,motivo_insatisfacao_beneficios,binaria_multiselect,71.3,grupo_nao_exibido_ao_respondente
2025-2026,motivo_insatisfacao_proposito_do_trabalho_e_da_empresa,binaria_multiselect,71.3,grupo_nao_exibido_ao_respondente
2025-2026,motivo_insatisfacao_flexibilidade_de_trabalho_remoto,binaria_multiselect,71.3,grupo_nao_exibido_ao_respondente
2025-2026,motivo_insatisfacao_ambiente_e_clima_de_trabalho,binaria_multiselect,71.3,grupo_nao_exibido_ao_respondente
2025-2026,motivo_insatisfacao_oportunidade_de_aprendizado_e_trabalhar_com_referencias,binaria_multiselect,71.3,grupo_nao_exibido_ao_respondente
2025-2026,motivo_insatisfacao_oportunidades_de_crescimento,binaria_multiselect,71.3,grupo_nao_exibido_ao_respondente
2025-2026,motivo_insatisfacao_maturidade_da_empresa_em_termos_de_tecnologia_e_dados,binaria_multiselect,71.3,grupo_nao_exibido_ao_respondente
2025-2026,motivo_insatisfacao_relacao_com_os_gestores_e_lideres,binaria_multiselect,71.3,grupo_nao_exibido_ao_respondente
2025-2026,motivo_insatisfacao_reputacao_que_a_empresa_tem_no_mercado,binaria_multiselect,71.3,grupo_nao_exibido_ao_respondente
2025-2026,motivo_insatisfacao_gostaria_de_trabalhar_em_outra_area,binaria_multiselect,71.3,grupo_nao_exibido_ao_respondente
2025-2026,experiencia_profissional_prejudicada_nao_acredito_que_minha_experiencia_profissional_seja_afetada,binaria_multiselect,49.0,grupo_nao_exibido_ao_respondente
2025-2026,experiencia_profissional_prejudicada_sim_devido_a_minha_cor_raca_etnia,binaria_multiselect,49.0,grupo_nao_exibido_ao_respondente
2025-2026,experiencia_profissional_prejudicada_sim_devido_a_minha_identidade_de_genero,binaria_multiselect,49.0,grupo_nao_exibido_ao_respondente
2025-2026,experiencia_profissional_prejudicada_sim_devido_ao_fato_de_ser_pcd,binaria_multiselect,49.0,grupo_nao_exibido_ao_respondente
2025-2026,ferramenta_de_bi_preferida,categorica_escolha_unica,46.6,condicional_ao_perfil
2025-2026,linguagem_preferida_sql,binaria_multiselect,40.0,grupo_nao_exibido_ao_respondente
2025-2026,linguagem_preferida_r,binaria_multiselect,40.0,grupo_nao_exibido_ao_respondente
2025-2026,linguagem_preferida_python,binaria_multiselect,40.0,grupo_nao_exibido_ao_respondente
2025-2026,linguagem_preferida_c_c++_c#,binaria_multiselect,40.0,grupo_nao_exibido_ao_respondente
2025-2026,linguagem_preferida_julia,binaria_multiselect,40.0,grupo_nao_exibido_ao_respondente
2025-2026,linguagem_preferida_visual_basic_vba,binaria_multiselect,40.0,grupo_nao_exibido_ao_respondente
2025-2026,linguagem_preferida_scala,binaria_multiselect,40.0,grupo_nao_exibido_ao_respondente
2025-2026,linguagem_preferida_dax,binaria_multiselect,40.0,grupo_nao_exibido_ao_respondente
2025-2026,linguagem_preferida_rust,binaria_multiselect,40.0,grupo_nao_exibido_ao_respondente
2025-2026,linguagem_preferida_nao_utilizo_nenhuma_das_linguagens_listadas,binaria_multiselect,40.0,grupo_nao_exibido_ao_respondente
2025-2026,banco_de_dados_dia_a_dia_mysql,binaria_multiselect,40.0,grupo_nao_exibido_ao_respondente
2025-2026,banco_de_dados_dia_a_dia_oracle,binaria_multiselect,40.0,grupo_nao_exibido_ao_respondente
2025-2026,banco_de_dados_dia_a_dia_sql_server,binaria_multiselect,40.0,grupo_nao_exibido_ao_respondente
2025-2026,banco_de_dados_dia_a_dia_amazon_aurora_ou_rds,binaria_multiselect,40.0,grupo_nao_exibido_ao_respondente
2025-2026,banco_de_dados_dia_a_dia_dynamodb,binaria_multiselect,40.0,grupo_nao_exibido_ao_respondente
2025-2026,banco_de_dados_dia_a_dia_coachdb,binaria_multiselect,40.0,grupo_nao_exibido_ao_respondente
2025-2026,banco_de_dados_dia_a_dia_cassandra,binaria_multiselect,40.0,grupo_nao_exibido_ao_respondente
2025-2026,banco_de_dados_dia_a_dia_mongodb,binaria_multiselect,40.0,grupo_nao_exibido_ao_respondente
2025-2026,banco_de_dados_dia_a_dia_mariadb,binaria_multiselect,40.0,grupo_nao_exibido_ao_respondente
2025-2026,banco_de_dados_dia_a_dia_datomic,binaria_multiselect,40.0,grupo_nao_exibido_ao_respondente
2025-2026,banco_de_dados_dia_a_dia_s3,binaria_multiselect,40.0,grupo_nao_exibido_ao_respondente
2025-2026,banco_de_dados_dia_a_dia_postgresql,binaria_multiselect,40.0,grupo_nao_exibido_ao_respondente
2025-2026,banco_de_dados_dia_a_dia_elasticsearch,binaria_multiselect,40.0,grupo_nao_exibido_ao_respondente
2025-2026,banco_de_dados_dia_a_dia_db2,binaria_multiselect,40.0,grupo_nao_exibido_ao_respondente
2025-2026,banco_de_dados_dia_a_dia_microsoft_access,binaria_multiselect,40.0,grupo_nao_exibido_ao_respondente
2025-2026,banco_de_dados_dia_a_dia_sqlite,binaria_multiselect,40.0,grupo_nao_exibido_ao_respondente
2025-2026,banco_de_dados_dia_a_dia_sybase,binaria_multiselect,40.0,grupo_nao_exibido_ao_respondente
2025-2026,banco_de_dados_dia_a_dia_firebase,binaria_multiselect,40.0,grupo_nao_exibido_ao_respondente
2025-2026,banco_de_dados_dia_a_dia_vertica,binaria_multiselect,40.0,grupo_nao_exibido_ao_respondente
2025-2026,banco_de_dados_dia_a_dia_redis,binaria_multiselect,40.0,grupo_nao_exibido_ao_respondente
2025-2026,banco_de_dados_dia_a_dia_neo4j,binaria_multiselect,40.0,grupo_nao_exibido_ao_respondente
2025-2026,banco_de_dados_dia_a_dia_google_bigquery,binaria_multiselect,40.0,grupo_nao_exibido_ao_respondente
2025-2026,banco_de_dados_dia_a_dia_google_firestore,binaria_multiselect,40.0,grupo_nao_exibido_ao_respondente
2025-2026,banco_de_dados_dia_a_dia_amazon_redshift,binaria_multiselect,40.0,grupo_nao_exibido_ao_respondente
2025-2026,banco_de_dados_dia_a_dia_amazon_athena,binaria_multiselect,40.0,grupo_nao_exibido_ao_respondente
2025-2026,banco_de_dados_dia_a_dia_snowflake,binaria_multiselect,40.0,grupo_nao_exibido_ao_respondente
2025-2026,banco_de_dados_dia_a_dia_databricks,binaria_multiselect,40.0,grupo_nao_exibido_ao_respondente
2025-2026,banco_de_dados_dia_a_dia_hbase,binaria_multiselect,40.0,grupo_nao_exibido_ao_respondente
2025-2026,banco_de_dados_dia_a_dia_presto,binaria_multiselect,40.0,grupo_nao_exibido_ao_respondente
2025-2026,banco_de_dados_dia_a_dia_splunk,binaria_multiselect,40.0,grupo_nao_exibido_ao_respondente
2025-2026,banco_de_dados_dia_a_dia_sap_hana,binaria_multiselect,40.0,grupo_nao_exibido_ao_respondente
2025-2026,banco_de_dados_dia_a_dia_hive,binaria_multiselect,40.0,grupo_nao_exibido_ao_respondente
2025-2026,banco_de_dados_dia_a_dia_firebird,binaria_multiselect,40.0,grupo_nao_exibido_ao_respondente
2025-2026,cloud_dia_a_dia_amazon_web_services_aws,binaria_multiselect,40.0,grupo_nao_exibido_ao_respondente
2025-2026,cloud_dia_a_dia_google_cloud_gcp,binaria_multiselect,40.0,grupo_nao_exibido_ao_respondente
2025-2026,cloud_dia_a_dia_azure_microsoft,binaria_multiselect,40.0,grupo_nao_exibido_ao_respondente
2025-2026,cloud_dia_a_dia_oracle_cloud,binaria_multiselect,40.0,grupo_nao_exibido_ao_respondente
2025-2026,cloud_dia_a_dia_ibm,binaria_multiselect,40.0,grupo_nao_exibido_ao_respondente
2025-2026,cloud_dia_a_dia_servidores_on_premise_nao_utilizamos_cloud,binaria_multiselect,40.0,grupo_nao_exibido_ao_respondente
2025-2026,cloud_dia_a_dia_cloud_propria,binaria_multiselect,40.0,grupo_nao_exibido_ao_respondente
2025-2026,cloud_preferida,categorica_escolha_unica,40.0,condicional_ao_perfil
2025-2026,fontes_de_dados_dia_a_dia_dados_relacionais_estruturados_em_bancos_sql,binaria_multiselect,39.7,grupo_nao_exibido_ao_respondente
2025-2026,fontes_de_dados_dia_a_dia_dados_armazenados_em_bancos_nosql,binaria_multiselect,39.7,grupo_nao_exibido_ao_respondente
2025-2026,fontes_de_dados_dia_a_dia_imagens,binaria_multiselect,39.7,grupo_nao_exibido_ao_respondente
2025-2026,fontes_de_dados_dia_a_dia_textos_documentos,binaria_multiselect,39.7,grupo_nao_exibido_ao_respondente
2025-2026,fontes_de_dados_dia_a_dia_videos,binaria_multiselect,39.7,grupo_nao_exibido_ao_respondente
2025-2026,fontes_de_dados_dia_a_dia_audios,binaria_multiselect,39.7,grupo_nao_exibido_ao_respondente
2025-2026,fontes_de_dados_dia_a_dia_planilhas,binaria_multiselect,39.7,grupo_nao_exibido_ao_respondente
2025-2026,fontes_de_dados_dia_a_dia_dados_georeferenciados,binaria_multiselect,39.7,grupo_nao_exibido_ao_respondente
2025-2026,ferramenta_de_bi_dia_a_dia_microsoft_powerbi,binaria_multiselect,39.7,grupo_nao_exibido_ao_respondente
2025-2026,ferramenta_de_bi_dia_a_dia_qlik_view_qlik_sense,binaria_multiselect,39.7,grupo_nao_exibido_ao_respondente
2025-2026,ferramenta_de_bi_dia_a_dia_tableau,binaria_multiselect,39.7,grupo_nao_exibido_ao_respondente
2025-2026,ferramenta_de_bi_dia_a_dia_metabase,binaria_multiselect,39.7,grupo_nao_exibido_ao_respondente
2025-2026,ferramenta_de_bi_dia_a_dia_superset,binaria_multiselect,39.7,grupo_nao_exibido_ao_respondente
2025-2026,ferramenta_de_bi_dia_a_dia_redash,binaria_multiselect,39.7,grupo_nao_exibido_ao_respondente
2025-2026,ferramenta_de_bi_dia_a_dia_looker,binaria_multiselect,39.7,grupo_nao_exibido_ao_respondente
2025-2026,ferramenta_de_bi_dia_a_dia_looker_studiogoogle_data_studio,binaria_multiselect,39.7,grupo_nao_exibido_ao_respondente
2025-2026,ferramenta_de_bi_dia_a_dia_amazon_quicksight,binaria_multiselect,39.7,grupo_nao_exibido_ao_respondente
2025-2026,ferramenta_de_bi_dia_a_dia_alteryx,binaria_multiselect,39.7,grupo_nao_exibido_ao_respondente
2025-2026,ferramenta_de_bi_dia_a_dia_sap_business_objects_sap_analytics,binaria_multiselect,39.7,grupo_nao_exibido_ao_respondente
2025-2026,ferramenta_de_bi_dia_a_dia_oracle_business_intelligence,binaria_multiselect,39.7,grupo_nao_exibido_ao_respondente
2025-2026,ferramenta_de_bi_dia_a_dia_salesforce_einstein_analytics,binaria_multiselect,39.7,grupo_nao_exibido_ao_respondente
2025-2026,ferramenta_de_bi_dia_a_dia_sas_visual_analytics,binaria_multiselect,39.7,grupo_nao_exibido_ao_respondente
2025-2026,ferramenta_de_bi_dia_a_dia_grafana,binaria_multiselect,39.7,grupo_nao_exibido_ao_respondente
2025-2026,ferramenta_de_bi_dia_a_dia_pentaho,binaria_multiselect,39.7,grupo_nao_exibido_ao_respondente
2025-2026,ferramenta_de_bi_dia_a_dia_fazemos_todas_as_analises_utilizando_apenas_excel_ou_planilhas_do_google,binaria_multiselect,39.7,grupo_nao_exibido_ao_respondente
2025-2026,ferramenta_de_bi_dia_a_dia_nao_utilizo_nenhuma_ferramenta_de_bi_no_trabalho,binaria_multiselect,39.7,grupo_nao_exibido_ao_respondente
2025-2026,usa_chatgpt_ou_copilot_no_trabalho_nao_uso_solucoes_de_ai_generativa_com_foco_em_produtividade,binaria_multiselect,39.7,grupo_nao_exibido_ao_respondente
2025-2026,usa_chatgpt_ou_copilot_no_trabalho_uso_solucoes_gratuitas_de_ai_generativa_com_foco_em_produtividade,binaria_multiselect,39.7,grupo_nao_exibido_ao_respondente
2025-2026,usa_chatgpt_ou_copilot_no_trabalho_uso_e_pago_pelas_solucoes_de_ai_generativa_com_foco_em_produtividade,binaria_multiselect,39.7,grupo_nao_exibido_ao_respondente
2025-2026,usa_chatgpt_ou_copilot_no_trabalho_a_empresa_que_trabalho_paga_pelas_solucoes_de_ai_generativa_com_foco_em_produtividade,binaria_multiselect,39.7,grupo_nao_exibido_ao_respondente
2025-2026,usa_chatgpt_ou_copilot_no_trabalho_uso_solucoes_do_tipo_copilot,binaria_multiselect,39.7,grupo_nao_exibido_ao_respondente
2025-2026,funcao_de_atuacao,categorica_escolha_unica,35.7,condicional_ao_perfil
2025-2026,cargo_atual,categorica_escolha_unica,28.4,condicional_ao_perfil
2025-2026,nivel,categorica_escolha_unica,28.4,condicional_ao_perfil
2025-2026,tipo_de_uso_de_ai_generativa_e_llm_na_empresa_ai_generativa_e_llms_para_melhorar_produtos_internos_para_os_colaboradores,binaria_multiselect,22.1,grupo_nao_exibido_ao_respondente
2025-2026,tipo_de_uso_de_ai_generativa_e_llm_na_empresa_ia_generativa_e_llms_nao_e_prioridade,binaria_multiselect,22.1,grupo_nao_exibido_ao_respondente
2025-2026,tipo_de_uso_de_ai_generativa_e_llm_na_empresa_ia_generativa_e_llms_como_principal_frente_do_negocio,binaria_multiselect,22.1,grupo_nao_exibido_ao_respondente
2025-2026,tipo_de_uso_de_ai_generativa_e_llm_na_empresa_direcionamento_centralizado_do_uso_de_ai_generativa,binaria_multiselect,22.1,grupo_nao_exibido_ao_respondente
2025-2026,tipo_de_uso_de_ai_generativa_e_llm_na_empresa_colaboradores_usando_ai_generativa_de_forma_independente_e_descentralizada,binaria_multiselect,22.1,grupo_nao_exibido_ao_respondente
2025-2026,tipo_de_uso_de_ai_generativa_e_llm_na_empresa_desenvolvedores_utilizando_copilots,binaria_multiselect,22.1,grupo_nao_exibido_ao_respondente
2025-2026,tipo_de_uso_de_ai_generativa_e_llm_na_empresa_nao_sei_opinar_sobre_o_uso_de_ia_generativa_e_llms_na_empresa,binaria_multiselect,22.1,grupo_nao_exibido_ao_respondente
2025-2026,tipo_de_uso_de_ai_generativa_e_llm_na_empresa_ai_generativa_e_llms_para_melhorar_produtos_externos_para_os_clientes_finais,binaria_multiselect,22.1,grupo_nao_exibido_ao_respondente
2025-2026,criterios_para_escolha_de_emprego_remuneracao_salario,binaria_multiselect,7.6,grupo_nao_exibido_ao_respondente
2025-2026,criterios_para_escolha_de_emprego_beneficios,binaria_multiselect,7.6,grupo_nao_exibido_ao_respondente
2025-2026,criterios_para_escolha_de_emprego_proposito_do_trabalho_e_da_empresa,binaria_multiselect,7.6,grupo_nao_exibido_ao_respondente
2025-2026,criterios_para_escolha_de_emprego_flexibilidade_de_trabalho_remoto,binaria_multiselect,7.6,grupo_nao_exibido_ao_respondente
2025-2026,criterios_para_escolha_de_emprego_ambiente_e_clima_de_trabalho,binaria_multiselect,7.6,grupo_nao_exibido_ao_respondente
2025-2026,criterios_para_escolha_de_emprego_oportunidade_de_aprendizado_e_trabalhar_com_referencias,binaria_multiselect,7.6,grupo_nao_exibido_ao_respondente
2025-2026,criterios_para_escolha_de_emprego_plano_de_carreira_e_oportunidades_de_crescimento,binaria_multiselect,7.6,grupo_nao_exibido_ao_respondente
2025-2026,criterios_para_escolha_de_emprego_maturidade_da_empresa_em_termos_de_tecnologia_e_dados,binaria_multiselect,7.6,grupo_nao_exibido_ao_respondente
2025-2026,criterios_para_escolha_de_emprego_qualidade_dos_gestores_e_lideres,binaria_multiselect,7.6,grupo_nao_exibido_ao_respondente
2025-2026,criterios_para_escolha_de_emprego_reputacao_que_a_empresa_tem_no_mercado,binaria_multiselect,7.6,grupo_nao_exibido_ao_respondente
2025-2026,setor,categorica_escolha_unica,7.6,quase_universal
2025-2026,numero_de_funcionarios,categorica_escolha_unica,7.6,quase_universal
2025-2026,atua_como_gestor,binaria_multiselect,7.6,grupo_nao_exibido_ao_respondente
2025-2026,faixa_salarial,categorica_escolha_unica,7.6,quase_universal
2025-2026,tempo_de_experiencia_em_dados,categorica_escolha_unica,7.6,quase_universal
2025-2026,tempo_de_experiencia_em_ti,categorica_escolha_unica,7.6,quase_universal
2025-2026,satisfeito_atualmente,binaria_multiselect,7.6,grupo_nao_exibido_ao_respondente
2025-2026,participou_de_entrevistas_ultimos_6m,categorica_escolha_unica,7.6,quase_universal
2025-2026,planos_de_mudar_de_emprego_6m,categorica_escolha_unica,7.6,quase_universal
2025-2026,empresa_passou_por_layoff_em_2025,categorica_escolha_unica,7.6,quase_universal
2025-2026,modelo_de_trabalho_atual,categorica_escolha_unica,7.6,quase_universal
2025-2026,modelo_de_trabalho_ideal,categorica_escolha_unica,7.6,quase_universal
2025-2026,atitude_em_caso_de_retorno_presencial,categorica_escolha_unica,7.6,quase_universal
2025-2026,uf_onde_mora,categorica_escolha_unica,3.6,quase_universal
2025-2026,regiao_onde_mora,categorica_escolha_unica,3.6,quase_universal
2025-2026,estado_onde_mora,categorica_escolha_unica,3.5,quase_universal
2025-2026,vive_no_estado_de_formacao,binaria_multiselect,3.5,grupo_nao_exibido_ao_respondente
2025-2026,area_de_formacao,categorica_escolha_unica,2.1,quase_universal
2025-2026,cor_raca_etnia,categorica_escolha_unica,0.1,quase_universal
2025-2026,token,categorica_escolha_unica,0.0,quase_universal
2025-2026,data_hora_envio,categorica_escolha_unica,0.0,quase_universal
2025-2026,idade,categorica_escolha_unica,0.0,quase_universal
2025-2026,faixa_idade,categorica_escolha_unica,0.0,quase_universal
2025-2026,genero,categorica_escolha_unica,0.0,quase_universal
2025-2026,pcd,categorica_escolha_unica,0.0,quase_universal
2025-2026,vive_no_brasil,binaria_multiselect,0.0,grupo_nao_exibido_ao_respondente
2025-2026,nivel_de_ensino,categorica_escolha_unica,0.0,quase_universal
2025-2026,situacao_de_trabalho,categorica_escolha_unica,0.0,quase_universal
2025-2026,atuacao_em_dados,categorica_escolha_unica,0.0,quase_universal
